rank,value_score,model,year,km,price,motivation_score,price_drop_pct,num_price_cuts,bump_count,days_on_market,is_clean,is_bayi,damage_changed_count,damage_painted_count,damage_local_painted_count,feature_count,battery,seller_type,heavy_damage_record,km_per_year,price_score,km_score,damage_score,feature_score,depr_score,trim_mult,clean_bonus,bayi_bonus,new_changed_penalty,price_history,dq_reason,sahibinden_id,title,url
1,100.0,GTS,2023,45000,11250000,11.9,0.0,0,3,53,Yes,Yes,0.0,0.0,0.0,0.0,PB Plus (93.4 kWh),Galeriden,Hayır,15000,1.721,0.5,1.0,0.0,0.6,1.1,5.0,3.0,0.0,"10,750,000 (04 May 26) -> 11,250,000 (17 May 26)",,1311807467,2023 TAYCAN GTS SKY TAVAN+SPORTDE­SIGN+SOGUTMA GARANTİLİ BAYİİ,https://www.sahibinden.com/ilan/vasita-otomobil-porsche-2023-taycan-gts-sky-tavan-plussportdesign-plussogutma-garantili-bayii-1311807467/detay
2,95.0,4S,2024,49000,10700000,6.0,0.9,1,0,5,Yes,Yes,0.0,0.0,0.0,0.0,PB Plus (105 kWh),Galeriden,Hayır,24500,1.791,0.183,1.0,0.0,1.0,1.0,5.0,3.0,0.0,"10,800,000 (21 Jun 26) -> 10,700,000 (25 Jun 26)",,1323707035,OTO ANKA GROUP HATASIZ 2024 PORSCHE TAYCAN 4S PERFOMANCE PLUS,https://www.sahibinden.com/ilan/vasita-otomobil-porsche-oto-anka-group-hatasiz-2024-porsche-taycan-4s-perfomance-plus-1323707035/detay
3,93.5,4S,2024,41000,10900000,3.7,0.0,0,1,15,Yes,Yes,0.0,0.0,0.0,0.0,PB Plus (105 kWh),Galeriden,Hayır,20500,1.61,0.317,1.0,0.0,1.0,1.0,5.0,3.0,0.0,"10,900,000 (11 Jun 26)",,1283608558,-VEGAS MOTORS- 2024 PORSCHE TAYCAN 4S P.PLUS YOLCU EKRANI 598HP,https://www.sahibinden.com/ilan/vasita-otomobil-porsche-vegas-motors-2024-porsche-taycan-4s-p.plus-yolcu-ekrani-598hp-1283608558/detay
4,91.9,4S,2024,23800,11250000,2.6,0.0,0,1,5,Yes,Yes,0.0,0.0,0.0,0.0,PB Plus (105 kWh),Sahibinden,Hayır,11900,1.294,0.603,1.0,0.0,1.0,1.0,5.0,3.0,0.0,"11,250,000 (21 Jun 26)",,1323411403,PORSCHE TAYCAN 4S PERFORMANCE PLUS,https://www.sahibinden.com/ilan/vasita-otomobil-porsche-porsche-taycan-4s-performance-plus-1323411403/detay
5,91.2,Turbo,2024,18504,14450000,65.4,13.7,3,8,139,Yes,Yes,0.0,0.0,0.0,0.0,PB Plus (105 kWh),Galeriden,Hayır,9252,0.952,0.692,1.0,0.0,1.0,1.05,5.0,3.0,0.0,"16,750,000 (07 Feb 26) -> 15,750,000 (26 Mar 26) -> 14,950,000 (15 Apr 26) -> 14,450,000 (01 Jun 26)",,1285704385,SS MOTORS 2024 TAYCAN TURBO-PERFORMA­NCE+-SPORTDES­IGN-884HP-BAYİ,https://www.sahibinden.com/ilan/vasita-otomobil-porsche-ss-motors-2024-taycan-turbo-performance-plus-sportdesign-884hp-bayi-1285704385/detay
6,90.4,4S,2024,28000,11350000,0.1,0.0,0,0,1,Yes,No,0.0,0.0,0.0,31.0,PB Plus (105 kWh),Galeriden,Hayır,14000,1.203,0.533,1.0,0.544,1.0,1.0,5.0,0.0,0.0,"11,350,000 (25 Jun 26)",,1324603920,2024 MODEL 4S PERFORMANCE PLUS / 598 HP / HATASIZ BOYASIZ,https://www.sahibinden.com/ilan/vasita-otomobil-porsche-2024-model-4s-performance-plus-598-hp-hatasiz-boyasiz-1324603920/detay
7,87.9,4S,2025,6333,13975000,37.6,9.8,4,2,17,Yes,Yes,0.0,0.0,0.0,32.0,PB Plus (105 kWh),Galeriden,Hayır,6333,0.707,0.789,1.0,0.561,1.0,1.0,5.0,3.0,0.0,"15,500,000 (09 Jun 26) -> 14,950,000 (11 Jun 26) -> 14,750,000 (17 Jun 26) -> 14,500,000 (21 Jun 26) -> 13,975,000 (25 Jun 26)",,1319910367,BAYİ YENİ PORSCHE TAYCAN 4S PERFORMANCE PLUS 544PS_EXTRA FULL,https://www.sahibinden.com/ilan/vasita-otomobil-porsche-bayi-yeni-porsche-taycan-4s-performance-plus-544ps_extra-full-1319910367/detay
8,87.7,4S,2020,183000,5399000,22.1,5.3,3,0,15,Yes,Yes,0.0,0.0,0.0,42.0,PB Plus (93.4 kWh),Galeriden,Hayır,30500,2.161,0.0,1.0,0.737,0.1,1.0,5.0,3.0,0.0,"5,700,000 (11 Jun 26) -> 5,650,000 (17 Jun 26) -> 5,449,000 (21 Jun 26) -> 5,399,000 (25 Jun 26)",,1321738767,BAYİ ÇIKIŞLI PORSCHE TAYCAN 4S PERFORMANS PLUS UZATILMIŞ GARANTİ,https://www.sahibinden.com/ilan/vasita-otomobil-porsche-bayi-cikisli-porsche-taycan-4s-performans-plus-uzatilmis-garanti-1321738767/detay
9,87.7,Turbo S,2020,88500,7500000,1.0,0.0,0,0,9,Yes,Yes,0.0,0.0,0.0,47.0,PB Plus (93.4 kWh),Galeriden,Hayır,14750,1.376,0.508,1.0,0.825,0.1,1.08,5.0,3.0,0.0,"7,500,000 (17 Jun 26)",,1322251534,GALERAS PORSCHE TAYCAN TURBO SERAMİK FREN AERO KIT SPORT DESIGN,https://www.sahibinden.com/ilan/vasita-otomobil-porsche-galeras-porsche-taycan-turbo-seramik-fren-aero-kit-sport-design-1322251534/detay
10,87.0,Taycan,2025,6001,11500000,0.1,0.0,0,0,1,Yes,No,0.0,0.0,0.0,0.0,PB (89 kWh),Yetkili Bayiden,Hayır,6001,1.277,0.8,1.0,0.0,1.0,0.95,5.0,0.0,0.0,"11,500,000 (25 Jun 26)",,1323924099,VOSMER 2025 PORSCHE TAYCAN 4 320 kW,https://www.sahibinden.com/ilan/vasita-otomobil-porsche-vosmer-2025-porsche-taycan-4-320-kw-1323924099/detay
11,85.2,Turbo S,2020,80500,7550000,34.0,15.6,2,0,9,Yes,No,0.0,0.0,0.0,49.0,PB Plus (93.4 kWh),Sahibinden,Hayır,13417,1.333,0.553,1.0,0.86,0.1,1.08,5.0,0.0,0.0,"8,950,000 (17 Jun 26) -> 7,500,000 (21 Jun 26) -> 7,950,000 (25 Jun 26) -> 7,550,000 (25 Jun 26)",,1322430282,Son FİYAT-Kaçırma-Cok Temiz Super Kondisyonda Ozel Siparis FULL,https://www.sahibinden.com/ilan/vasita-otomobil-porsche-son-fiyat-kacirma-cok-temiz-super-kondisyonda-ozel-siparis-full-1322430282/detay
12,84.9,Taycan,2025,25000,11500000,8.0,2.1,1,0,5,Yes,Yes,0.0,0.0,0.0,33.0,PB Plus (105 kWh),Galeriden,Hayır,25000,1.277,0.167,1.0,0.579,1.0,0.95,5.0,3.0,0.0,"11,750,000 (21 Jun 26) -> 11,500,000 (25 Jun 26)",,1322984094,2025 PORSCHE TAYCAN JET BLACK METALIC 25BİNDE BAYİ İLK ELDEN,https://www.sahibinden.com/ilan/vasita-otomobil-porsche-2025-porsche-taycan-jet-black-metalic-25binde-bayi-ilk-elden-1322984094/detay
13,84.0,4S,2023,49161,8625000,19.2,3.9,3,0,9,Yes,Yes,0.0,0.0,0.0,0.0,PB Plus (93.4 kWh),Galeriden,Hayır,16387,1.396,0.454,1.0,0.0,0.6,1.0,5.0,3.0,0.0,"8,975,000 (17 Jun 26) -> 8,950,000 (21 Jun 26) -> 8,725,000 (25 Jun 26) -> 8,625,000 (26 Jun 26)",,1322548138,BARAN MOTORS 2023 TAYCAN 4S PERF PLUS UZAT GARANTİ BOYASIZ BAYİİ,https://www.sahibinden.com/ilan/vasita-otomobil-porsche-baran-motors-2023-taycan-4s-perf-plus-uzat-garanti-boyasiz-bayii-1322548138/detay
14,83.5,GTS,2023,35700,11450000,11.9,0.0,0,3,53,Yes,Yes,0.0,0.0,0.0,0.0,PB Plus (93.4 kWh),Galeriden,Hayır,11900,0.84,0.603,1.0,0.0,0.6,1.1,5.0,3.0,0.0,"11,450,000 (04 May 26)",,1314617867,YENİKÖY MOTORS 2023 PORSCHE TAYCAN GTS-BOSE-SOĞU­TMA-360°-BAYİ,https://www.sahibinden.com/ilan/vasita-otomobil-porsche-yenikoy-motors-2023-porsche-taycan-gts-bose-sogutma-360-bayi-1314617867/detay
15,82.2,4S,2023,45000,8750000,0.1,0.0,0,0,1,Yes,Yes,0.0,0.0,0.0,0.0,PB Plus (93.4 kWh),Galeriden,Hayır,15000,1.262,0.5,1.0,0.0,0.6,1.0,5.0,3.0,0.0,"8,750,000 (25 Jun 26)",,1324197455,BAYİ-2023 PORSCHE TAYCAN 4S PERFORMANCE PLUS-HATASIZ,https://www.sahibinden.com/ilan/vasita-otomobil-porsche-bayi-2023-porsche-taycan-4s-performance-plus-hatasiz-1324197455/detay
16,81.5,Turbo S,2020,10000,8275000,31.6,3.2,4,3,40,Yes,Yes,0.0,0.0,0.0,47.0,PB Plus (93.4 kWh),Galeriden,Hayır,1667,0.711,0.944,1.0,0.825,0.1,1.08,5.0,3.0,0.0,"8,550,000 (17 May 26) -> 8,490,000 (01 Jun 26) -> 8,390,000 (09 Jun 26) -> 8,290,000 (17 Jun 26) -> 8,275,000 (25 Jun 26)",,1315849594,BOLATGROUP&1453 BAYİ ÇIKIŞLI PORCHE TAYCANTURBO SIFIRDAN FARKSIZ,https://www.sahibinden.com/ilan/vasita-otomobil-porsche-bolatgroup-1453-bayi-cikisli-porche-taycanturbo-sifirdan-farksiz-1315849594/detay
17,80.5,GTS,2022,50000,9690000,25.4,0.0,0,5,139,Yes,Yes,0.0,0.0,0.0,30.0,PB Plus (93.4 kWh),Galeriden,Hayır,12500,0.707,0.583,1.0,0.526,0.4,1.1,5.0,3.0,0.0,"8,690,000 (07 Feb 26) -> 9,690,000 (24 Mar 26)",,1251398383,2022_BOYASIZ­_BAYİ_50.000 KM_YOLCU EKRAN_AIRMATIC­_BOSE_SOĞUTMA,https://www.sahibinden.com/ilan/vasita-otomobil-porsche-2022_boyasiz_bayi_50.000-km_yolcu-ekran_airmatic_bose_sogutma-1251398383/detay
18,80.4,Taycan,2023,12500,7950000,7.9,0.0,0,3,17,Yes,No,0.0,0.0,0.0,29.0,PB (79.2 kWh),Galeriden,Hayır,4167,1.057,0.861,1.0,0.509,0.6,0.95,5.0,0.0,0.0,"7,950,000 (09 Jun 26)",,1320365014,2023 TAYCAN P.PLUS/CAMTAVAN /BEJDERİ/YOLCU EKRAN/PUSUL­A/12.500KM,https://www.sahibinden.com/ilan/vasita-otomobil-porsche-2023-taycan-p.plus-camtavan-bejderi-yolcu-ekran-pusula-12.500km-1320365014/detay
19,80.1,Taycan,2025,26500,11750000,12.4,4.1,1,0,17,Yes,Yes,0.0,0.0,0.0,32.0,PB (89 kWh),Galeriden,Hayır,26500,1.048,0.117,1.0,0.561,1.0,0.95,5.0,3.0,0.0,"12,250,000 (09 Jun 26) -> 11,750,000 (17 Jun 26)",,1321380789,FF MOTORS HATASIZ BOYASIZ TRAMERSİZ,https://www.sahibinden.com/ilan/vasita-otomobil-porsche-ff-motors-hatasiz-boyasiz-tramersiz-1321380789/detay
20,79.8,4S,2022,77500,7850000,0.1,0.0,0,0,1,Yes,Yes,0.0,0.0,0.0,47.0,PB Plus (93.4 kWh),Galeriden,Hayır,19375,1.115,0.354,1.0,0.825,0.4,1.0,5.0,3.0,0.0,"7,850,000 (25 Jun 26)",,1324405445,JOY AUTO 2022 HATASIZ BAYİ PORSCHE TAYCAN 4S PR.PLUS /UZ.GARANTİ,https://www.sahibinden.com/ilan/vasita-otomobil-porsche-joy-auto-2022-hatasiz-bayi-porsche-taycan-4s-pr.plus-uz.garanti-1324405445/detay
21,78.3,4S,2024,18892,12125000,13.6,3.6,1,1,17,Yes,Yes,0.0,0.0,0.0,0.0,PB Plus (105 kWh),Galeriden,Hayır,9446,0.502,0.685,1.0,0.0,1.0,1.0,5.0,3.0,0.0,"12,575,000 (09 Jun 26) -> 12,125,000 (26 Jun 26)",,1320190039,SELÇUKLU OTOMOTİV KONYA BAYİ BOYASIZ PERF PLUS TEBEŞİR E BRAMBLE,https://www.sahibinden.com/ilan/vasita-otomobil-porsche-selcuklu-otomotiv-konya-bayi-boyasiz-perf-plus-tebesir-e-bramble-1320190039/detay
22,78.0,4S,2022,37430,8000000,40.8,3.6,3,5,117,Yes,Yes,0.0,0.0,0.0,30.0,PB (79.2 kWh),Yetkili Bayiden,Hayır,9358,0.874,0.688,1.0,0.526,0.4,1.0,5.0,3.0,0.0,"8,300,000 (01 Mar 26) -> 8,200,000 (01 Apr 26) -> 8,100,000 (17 May 26) -> 8,000,000 (17 Jun 26)",,1294708991,DOĞUŞ OTO ESENYURT-2022 PORSCHE TAYCAN 4S,https://www.sahibinden.com/ilan/vasita-otomobil-porsche-dogus-oto-esenyurt-2022-porsche-taycan-4s-1294708991/detay
23,77.6,4S,2023,48500,8625000,19.9,0.0,3,1,53,No,Yes,0.0,1.0,0.0,0.0,PB (79.2 kWh),Galeriden,Hayır,16167,1.396,0.461,0.875,0.0,0.6,1.0,0.0,3.0,0.0,"8,475,000 (04 May 26) -> 8,395,000 (17 May 26) -> 8,350,000 (01 Jun 26) -> 8,475,000 (17 Jun 26) -> 8,425,000 (21 Jun 26) -> 8,625,000 (25 Jun 26)",,1314572751,TİPA OTOMOTİV 2023 TAYCAN 4S PERFORMANCE PLUS BAYİ ARKA DİJİT KL,https://www.sahibinden.com/ilan/vasita-otomobil-porsche-tipa-otomotiv-2023-taycan-4s-performance-plus-bayi-arka-dijit-kl-1314572751/detay
24,77.5,4S,2020,113000,5600000,0.1,0.0,0,0,1,No,No,0.0,1.0,0.0,30.0,PB (79.2 kWh),Galeriden,Hayır,18833,1.903,0.372,0.875,0.526,0.1,1.0,0.0,0.0,0.0,"5,600,000 (25 Jun 26)",,1324245040,2020 PORSCH TAYCAN 4S 530 BG,https://www.sahibinden.com/ilan/vasita-otomobil-porsche-2020-porsch-taycan-4s-530-bg-1324245040/detay
25,76.9,Turbo S,2021,31000,9400000,6.4,0.0,0,1,40,Yes,Yes,0.0,0.0,0.0,0.0,PB Plus (93.4 kWh),Galeriden,Hayır,6200,0.789,0.793,1.0,0.0,0.25,1.08,5.0,3.0,0.0,"9,400,000 (17 May 26)",,1316844345,2021 PORCHE TAYCAN TURBO S HATASIZ BOYASIZ TRAMERSZ BAYİ,https://www.sahibinden.com/ilan/vasita-otomobil-porsche-2021-porche-taycan-turbo-s-hatasiz-boyasiz-tramersz-bayi-1316844345/detay
26,76.7,4S,2021,72000,6870000,33.4,6.5,2,1,117,Yes,Yes,0.0,0.0,0.0,48.0,PB Plus (93.4 kWh),Sahibinden,Hayır,14400,0.964,0.52,1.0,0.842,0.25,1.0,5.0,3.0,0.0,"7,350,000 (01 Mar 26) -> 6,980,000 (17 Jun 26) -> 6,780,000 (21 Jun 26) -> 6,870,000 (25 Jun 26)",,1299907952,İlk Sahibinden Kazasız Uzun Menzil Özel Renk Full 4S Performans+,https://www.sahibinden.com/ilan/vasita-otomobil-porsche-ilk-sahibinden-kazasiz-uzun-menzil-ozel-renk-full-4s-performans-plus-1299907952/detay
27,76.4,Turbo,2024,25000,15250000,21.0,0.0,0,4,117,Yes,Yes,0.0,0.0,0.0,29.0,PB Plus (105 kWh),Sahibinden,Hayır,12500,0.09,0.583,1.0,0.509,1.0,1.05,5.0,3.0,0.0,"14,200,000 (01 Mar 26) -> 15,250,000 (17 May 26)",,1257435454,2024 MODEL TAYCAN TURBO YENİ KASA BAYİ UZUN MENZİL 884 BEYGİR**,https://www.sahibinden.com/ilan/vasita-otomobil-porsche-2024-model-taycan-turbo-yeni-kasa-bayi-uzun-menzil-884-beygir-1257435454/detay
28,75.7,4S,2020,117970,6050000,7.2,1.6,1,0,5,Yes,Yes,0.0,0.0,0.0,30.0,PB (79.2 kWh),Galeriden,Hayır,19662,1.326,0.345,1.0,0.526,0.1,1.0,5.0,3.0,0.0,"6,150,000 (21 Jun 26) -> 6,050,000 (25 Jun 26)",,1322968978,DOĞUŞ OTO KARTAL - 2020 PORSCHE TAYCAN 4S,https://www.sahibinden.com/ilan/vasita-otomobil-porsche-dogus-oto-kartal-2020-porsche-taycan-4s-1322968978/detay
29,75.7,Turbo,2021,49000,8600000,10.0,0.0,0,1,72,Yes,Yes,0.0,0.0,0.0,32.0,PB Plus (93.4 kWh),Sahibinden,Hayır,9800,0.707,0.673,1.0,0.561,0.25,1.05,5.0,3.0,0.0,"8,600,000 (15 Apr 26)",,1310657433,2021 TAYCAN TURBO-ARKA AKS-HATASIZ-BAYİ ÖZEL KOMBİNASYON,https://www.sahibinden.com/ilan/vasita-otomobil-porsche-2021-taycan-turbo-arka-aks-hatasiz-bayi-ozel-kombinasyon-1310657433/detay
30,75.3,4S,2024,56000,11750000,12.0,0.0,0,2,72,Yes,Yes,0.0,0.0,0.0,0.0,PB Plus (105 kWh),Sahibinden,Hayır,28000,0.841,0.067,1.0,0.0,1.0,1.0,5.0,3.0,0.0,"11,750,000 (15 Apr 26)",,1308822023,Doğuş bayii çıkışlı uzun menzil Porsche Taycan 4S (598 PS),https://www.sahibinden.com/ilan/vasita-otomobil-porsche-dogus-bayii-cikisli-uzun-menzil-porsche-taycan-4s-598-ps-1308822023/detay
31,75.0,Turbo,2020,36000,7199000,8.4,0.0,0,2,40,Yes,Yes,0.0,0.0,0.0,32.0,PB Plus (93.4 kWh),Sahibinden,Hayır,6000,0.723,0.8,1.0,0.561,0.1,1.05,5.0,3.0,0.0,"7,090,000 (17 May 26) -> 7,199,000 (17 Jun 26)",,1316975359,SAHİBİNDEN HATASIZ 36.000 KM DE 1 YIL DOĞUŞ GARANTİLİ TAM ÖTV,https://www.sahibinden.com/ilan/vasita-otomobil-porsche-sahibinden-hatasiz-36.000-km-de-1-yil-dogus-garantili-tam-otv-1316975359/detay
32,74.6,Turbo S,2020,82000,8000000,0.6,0.0,0,0,5,Yes,No,0.0,0.0,0.0,32.0,PB Plus (93.4 kWh),Galeriden,Hayır,13667,0.947,0.544,1.0,0.561,0.1,1.08,5.0,0.0,0.0,"7,750,000 (21 Jun 26) -> 8,000,000 (25 Jun 26)",,1323058491,SAN OTOMOTİV 2020 PORSCHE TAYCAN TURBO S HATASIZ BOYASIZ,https://www.sahibinden.com/ilan/vasita-otomobil-porsche-san-otomotiv-2020-porsche-taycan-turbo-s-hatasiz-boyasiz-1323058491/detay
33,74.4,Turbo,2020,56600,6800000,25.3,2.2,3,2,53,Yes,No,0.0,0.0,0.0,16.0,PB Plus (93.4 kWh),Sahibinden,Hayır,9433,1.036,0.686,1.0,0.281,0.1,1.05,5.0,0.0,0.0,"6,950,000 (04 May 26) -> 6,900,000 (17 May 26) -> 6,850,000 (17 Jun 26) -> 6,800,000 (25 Jun 26)",,1312520664,İLK SAHİBİNDEN HATASIZ -BOYASIZ -TRAMERSİZ,https://www.sahibinden.com/ilan/vasita-otomobil-porsche-ilk-sahibinden-hatasiz-boyasiz-tramersiz-1312520664/detay
34,74.3,4S,2020,85800,6100000,30.9,4.3,2,4,72,Yes,No,0.0,0.0,0.0,30.0,PB (79.2 kWh),Galeriden,Hayır,14300,1.262,0.523,1.0,0.526,0.1,1.0,5.0,0.0,0.0,"6,375,000 (15 Apr 26) -> 6,320,000 (17 May 26) -> 6,100,000 (01 Jun 26)",,1310853027,PROTO / 2020/ PORSCHE TAYCAN 4S/ BOSE+360°+ISITM­A+CHRONO+HAFIZA,https://www.sahibinden.com/ilan/vasita-otomobil-porsche-proto-2020-porsche-taycan-4s-bose-plus360-plusisitma-pluschrono-plushafiza-1310853027/detay
35,74.0,4S,2020,93000,5650000,20.8,1.7,1,3,72,No,No,0.0,1.0,0.0,0.0,PB Plus (93.4 kWh),Galeriden,Hayır,15500,1.839,0.483,0.875,0.0,0.1,1.0,0.0,0.0,0.0,"5,750,000 (15 Apr 26) -> 5,650,000 (21 Jun 26)",,1308592803,ÖZGÜRDEN/HATASIZ/İÇ -KAHVE/YOLCU-EKRAN/­AKS/CAM-TAVAN/KARTA 12,https://www.sahibinden.com/ilan/vasita-otomobil-porsche-ozgurden-hatasiz-ic-kahve-yolcu-ekran-aks-cam-tavan-karta-12-1308592803/detay
36,73.5,Turbo,2023,17250,12055000,3.0,0.0,0,1,9,Yes,Yes,0.0,0.0,0.0,52.0,PB Plus (93.4 kWh),Galeriden,Hayır,5750,-0.0,0.808,1.0,0.912,0.6,1.05,5.0,3.0,0.0,"12,055,000 (17 Jun 26)",,1322761714,HATASIZ+2023+BAY İ+HEADUP+AIRMATC­+Y-EKRAN+SOGUTMA­+360+MÜRDÜM+DERİ,https://www.sahibinden.com/ilan/vasita-otomobil-porsche-hatasiz-plus2023-plusbayi-plusheadup-plusairmatc-plusy-ekran-plussogutma-plus360-plusmurdum-plusderi-1322761714/detay
37,73.5,Turbo S,2021,35200,9960000,4.7,0.1,1,0,5,Yes,No,0.0,0.0,0.0,32.0,PB Plus (93.4 kWh),Sahibinden,Hayır,7040,0.557,0.765,1.0,0.561,0.25,1.08,5.0,0.0,0.0,"9,970,000 (21 Jun 26) -> 9,960,000 (25 Jun 26)",,1323054263,2021 TURBO S GECE GÖRÜŞ HEAD UP MASAJ SOĞUTMALI KOLTUK BURMESTER,https://www.sahibinden.com/ilan/vasita-otomobil-porsche-2021-turbo-s-gece-gorus-head-up-masaj-sogutmali-koltuk-burmester-1323054263/detay
38,73.4,GTS,2023,17000,11650000,21.1,4.5,3,0,17,Yes,Yes,0.0,0.0,0.0,33.0,PB Plus (93.4 kWh),Sahibinden,Hayır,5667,-0.041,0.811,1.0,0.579,0.6,1.1,5.0,3.0,0.0,"12,200,000 (09 Jun 26) -> 12,000,000 (11 Jun 26) -> 11,800,000 (17 Jun 26) -> 11,650,000 (21 Jun 26)",,1319878038,Temiz ve düşük km TR de tek Taycan GTS,https://www.sahibinden.com/ilan/vasita-otomobil-porsche-temiz-ve-dusuk-km-tr-de-tek-taycan-gts-1319878038/detay
39,73.0,Turbo S,2020,59500,7950000,30.8,6.5,3,2,40,Yes,No,0.0,0.0,0.0,0.0,PB Plus (93.4 kWh),Sahibinden,Hayır,9917,0.99,0.669,1.0,0.0,0.1,1.08,5.0,0.0,0.0,"8,500,000 (17 May 26) -> 8,250,000 (01 Jun 26) -> 8,050,000 (09 Jun 26) -> 7,950,000 (21 Jun 26)",,1315256961,2020 Turbo S 57.000km Hatasız Boyasız,https://www.sahibinden.com/ilan/vasita-otomobil-porsche-2020-turbo-s-57.000km-hatasiz-boyasiz-1315256961/detay
40,72.9,4S,2022,58170,7950000,3.9,0.0,0,1,17,Yes,Yes,0.0,0.0,0.0,0.0,PB (79.2 kWh),Galeriden,Hayır,14542,0.954,0.515,1.0,0.0,0.4,1.0,5.0,3.0,0.0,"7,950,000 (09 Jun 26)",,1320347664,ASKAR OTOMOTİV'DEN 2022 MODEL TAYCAN 4S PERFORMANCE 530 BG BAYİ,https://www.sahibinden.com/ilan/vasita-otomobil-porsche-askar-otomotiv-den-2022-model-taycan-4s-performance-530-bg-bayi-1320347664/detay
41,72.9,Turbo S,2020,63500,8100000,24.4,0.6,2,0,139,Yes,Yes,0.0,0.0,0.0,0.0,PB Plus (93.4 kWh),Sahibinden,Hayır,10583,0.861,0.647,1.0,0.0,0.1,1.08,5.0,3.0,0.0,"8,150,000 (07 Feb 26) -> 8,000,000 (01 Mar 26) -> 7,800,000 (15 Apr 26) -> 8,100,000 (17 Jun 26)",,1256415916,Bayi çıkışlı Hatasız Boyasız,https://www.sahibinden.com/ilan/vasita-otomobil-porsche-bayi-cikisli-hatasiz-boyasiz-1256415916/detay
42,72.8,4S,2024,14250,12750000,19.1,1.9,1,2,72,Yes,Yes,0.0,0.0,0.0,31.0,PB Plus (105 kWh),Sahibinden,Hayır,7125,-0.064,0.762,1.0,0.544,1.0,1.0,5.0,3.0,0.0,"13,000,000 (15 Apr 26) -> 12,750,000 (25 Jun 26)",,1309840463,SAHIBINDEN BAYI ÇIKIŞLİ TAYCAN 4S PP,https://www.sahibinden.com/ilan/vasita-otomobil-porsche-sahibinden-bayi-cikisli-taycan-4s-pp-1309840463/detay
43,72.8,4S,2022,13334,8050000,26.6,4.2,3,1,53,No,Yes,0.0,1.0,0.0,30.0,PB (79.2 kWh),Yetkili Bayiden,Hayır,3334,0.793,0.889,0.875,0.526,0.4,1.0,0.0,3.0,0.0,"8,400,000 (04 May 26) -> 8,300,000 (11 Jun 26) -> 8,150,000 (21 Jun 26) -> 8,050,000 (25 Jun 26)",,1314875738,DOĞUŞ OTO ANKARA - 2022 PORSCHE TAYCAN 4S,https://www.sahibinden.com/ilan/vasita-otomobil-porsche-dogus-oto-ankara-2022-porsche-taycan-4s-1314875738/detay
44,72.6,Taycan,2021,74000,6250000,39.4,0.0,2,8,139,Yes,No,0.0,0.0,0.0,28.0,PB (79.2 kWh),Galeriden,Hayır,14800,1.257,0.507,1.0,0.491,0.25,0.95,5.0,0.0,0.0,"6,050,000 (07 Feb 26) -> 5,999,999 (01 Mar 26) -> 6,250,000 (24 Mar 26) -> 6,050,000 (01 Apr 26) -> 6,150,000 (17 May 26) -> 6,250,000 (17 Jun 26)",,1269695943,VOX OTO 2021 PORSCHE TAYCAN SOĞUTMA+BOSE+UZUN MENZİL,https://www.sahibinden.com/ilan/vasita-otomobil-porsche-vox-oto-2021-porsche-taycan-sogutma-plusbose-plusuzun-menzil-1269695943/detay
45,72.2,Taycan,2020,98000,5950000,47.1,4.8,4,4,139,Yes,No,0.0,0.0,0.0,50.0,PB Plus (93.4 kWh),Sahibinden,Hayır,16333,1.276,0.456,1.0,0.877,0.1,0.95,5.0,0.0,0.0,"6,250,000 (07 Feb 26) -> 5,700,000 (01 Mar 26) -> 6,250,000 (02 Mar 26) -> 5,990,000 (01 Apr 26) -> 5,600,000 (15 Apr 26) -> 5,800,000 (17 May 26) -> 6,100,000 (01 Jun 26) -> 5,950,000 (17 Jun 26)",,1264509367,2021 çıkışlı,https://www.sahibinden.com/ilan/vasita-otomobil-porsche-2021-cikisli-1264509367/detay
46,72.0,4S,2021,135000,5850000,0.0,0.0,0,0,0,No,Yes,2.0,0.0,0.0,0.0,PB Plus (93.4 kWh),Galeriden,Hayır,27000,2.037,0.1,0.5,0.0,0.25,1.0,0.0,3.0,0.0,"5,850,000 (26 Jun 26)",,1324714956,BGR A.Ş BAYİ ÇIKIŞLI TAM DOLU TAYCAN 4S PERFORMANCE PLUS,https://www.sahibinden.com/ilan/vasita-otomobil-porsche-bgr-a.s-bayi-cikisli-tam-dolu-taycan-4s-performance-plus-1324714956/detay
47,71.7,Turbo S,2020,23124,8590000,45.1,2.3,2,9,139,Yes,No,0.0,0.0,0.0,46.0,PB Plus (93.4 kWh),Galeriden,Hayır,3854,0.441,0.872,1.0,0.807,0.1,1.08,5.0,0.0,0.0,"8,790,000 (07 Feb 26) -> 8,650,000 (04 May 26) -> 8,590,000 (01 Jun 26)",,1120195391,"ALBAYRAC 2020 TAYCAN TURBO S ""BOYASIZ, PDLS PLUS, KARBON JANT",https://www.sahibinden.com/ilan/vasita-otomobil-porsche-albayrac-2020-taycan-turbo-s-boyasiz-pdls-plus-karbon-jant-1120195391/detay
48,71.0,Turbo,2020,66000,7290000,44.0,4.1,2,7,139,Yes,No,0.0,0.0,0.0,53.0,PB Plus (93.4 kWh),Galeriden,Hayır,11000,0.652,0.633,1.0,0.93,0.1,1.05,5.0,0.0,0.0,"7,600,000 (07 Feb 26) -> 7,400,000 (24 Mar 26) -> 7,290,000 (25 Jun 26)",,1278245818,2020 PORSCHE TAYCAN TURBO AIRMATIC+CHRONO+SO ĞUTMA+ISITMA+360+,https://www.sahibinden.com/ilan/vasita-otomobil-porsche-2020-porsche-taycan-turbo-airmatic-pluschrono-plussogutma-plusisitma-plus360-plus-1278245818/detay
49,70.9,4S,2021,62000,7000000,8.4,0.0,0,2,40,Yes,No,0.0,0.0,0.0,38.0,PB Plus (93.4 kWh),Galeriden,Hayır,12400,0.827,0.587,1.0,0.667,0.25,1.0,5.0,0.0,0.0,"7,000,000 (17 May 26)",,1316551225,HS PREMIUM'DAN PORSCHE TAYCAN 4S PERFORMANCE PLUS BOYASIZ,https://www.sahibinden.com/ilan/vasita-otomobil-porsche-hs-premium-dan-porsche-taycan-4s-performance-plus-boyasiz-1316551225/detay
50,70.8,Turbo S,2021,23000,9650000,20.4,0.0,0,5,94,No,No,1.0,0.0,0.0,48.0,PB Plus (93.4 kWh),Galeriden,Hayır,4600,0.685,0.847,0.75,0.842,0.25,1.08,0.0,0.0,0.0,"9,650,000 (24 Mar 26)",,1260552619,ÖZERK MOTORS/A.AKS/PDCC /OLEA/MASAJ/HEAD UP/BURMASTER/GECE GÖRÜŞ,https://www.sahibinden.com/ilan/vasita-otomobil-porsche-ozerk-motors-a.aks-pdcc-olea-masaj-head-up-burmaster-gece-gorus-1260552619/detay
51,70.4,4S,2023,36000,8900000,23.4,0.0,0,4,139,No,Yes,0.0,3.0,0.0,0.0,PB Plus (93.4 kWh),Galeriden,Hayır,12000,1.1,0.6,0.625,0.0,0.6,1.0,0.0,3.0,0.0,"8,900,000 (07 Feb 26)",,1290519020,-GO CAR-2023 TAYCAN4S BAYİ SPORT CHR. AIR YOLCU E. BOSE 36.000KM,https://www.sahibinden.com/ilan/vasita-otomobil-porsche-go-car-2023-taycan4s-bayi-sport-chr-air-yolcu-e-bose-36.000km-1290519020/detay
52,69.7,4S,2024,20000,12950000,29.8,3.9,1,5,86,Yes,Yes,0.0,0.0,0.0,44.0,PB Plus (105 kWh),Galeriden,Hayır,10000,-0.245,0.667,1.0,0.772,1.0,1.0,5.0,3.0,0.0,"13,475,000 (01 Apr 26) -> 12,950,000 (01 Jun 26)",,1307571052,HATASIZ DOĞUŞ ÇIKIŞLI 2024 PORSCHE TAYCAN 4S PERFORMANCE PLUS,https://www.sahibinden.com/ilan/vasita-otomobil-porsche-hatasiz-dogus-cikisli-2024-porsche-taycan-4s-performance-plus-1307571052/detay
53,69.7,Taycan,2025,15000,12850000,7.9,0.0,0,1,53,Yes,Yes,0.0,0.0,0.0,50.0,PB (89 kWh),Sahibinden,Hayır,15000,0.043,0.5,1.0,0.877,1.0,0.95,5.0,3.0,0.0,"12,850,000 (04 May 26)",,1312501984,"TAYCAN 4 , 2026 çıkışlı 11.000km BAYİ-BOSE-C­HRONO-VAKUM",https://www.sahibinden.com/ilan/vasita-otomobil-porsche-taycan-4-2026-cikisli-11.000km-bayi-bose-chrono-vakum-1312501984/detay
54,69.6,4S,2024,18500,12980000,0.1,0.0,0,0,1,Yes,Yes,0.0,0.0,0.0,44.0,PB Plus (105 kWh),Galeriden,Hayır,9250,-0.272,0.692,1.0,0.772,1.0,1.0,5.0,3.0,0.0,"12,980,000 (25 Jun 26)",,1324597135,''NOVA MOTORS'' 2024 PORSCHE TAYCAN 4S PERFORMANCE PLUS / BAYİ,https://www.sahibinden.com/ilan/vasita-otomobil-porsche-nova-motors-2024-porsche-taycan-4s-performance-plus-bayi-1324597135/detay
55,69.4,Taycan,2025,6001,13000000,1.9,0.0,0,0,17,Yes,Yes,0.0,0.0,0.0,32.0,PB (89 kWh),Yetkili Bayiden,Hayır,6001,-0.094,0.8,1.0,0.561,1.0,0.95,5.0,3.0,0.0,"13,000,000 (09 Jun 26)",,1321260222,PORSCHE YETKİLİ BAYİDEN TAYCAN 4,https://www.sahibinden.com/ilan/vasita-otomobil-porsche-porsche-yetkili-bayiden-taycan-4-1321260222/detay
56,69.2,Turbo S,2020,59000,8600000,35.7,2.8,2,6,101,Yes,Yes,0.0,0.0,0.0,32.0,PB Plus (93.4 kWh),Galeriden,Hayır,9833,0.433,0.672,1.0,0.561,0.1,1.08,5.0,3.0,0.0,"8,850,000 (17 Mar 26) -> 8,750,000 (09 Jun 26) -> 8,600,000 (21 Jun 26)",,1305173127,BAYİ Taycan Turbo S Hatasız Özel Sipariş,https://www.sahibinden.com/ilan/vasita-otomobil-porsche-bayi-taycan-turbo-s-hatasiz-ozel-siparis-1305173127/detay
57,69.0,Turbo S,2020,62000,8650000,31.4,0.0,0,8,139,Yes,Yes,0.0,0.0,0.0,39.0,PB Plus (93.4 kWh),Galeriden,Hayır,10333,0.39,0.656,1.0,0.684,0.1,1.08,5.0,3.0,0.0,"8,250,000 (07 Feb 26) -> 8,650,000 (01 Jun 26)",,1262317796,MAS GRUP'TAN PORSCHE TAYCAN TURBO S- 761 HP DOĞUŞ HATASIZ,https://www.sahibinden.com/ilan/vasita-otomobil-porsche-mas-grup-tan-porsche-taycan-turbo-s-761-hp-dogus-hatasiz-1262317796/detay
58,68.8,Turbo S,2020,69000,8575000,27.4,0.0,0,6,139,Yes,Yes,0.0,0.0,0.0,32.0,PB Plus (93.4 kWh),Galeriden,Hayır,11500,0.454,0.617,1.0,0.561,0.1,1.08,5.0,3.0,0.0,"7,875,000 (07 Feb 26) -> 8,075,000 (02 Mar 26) -> 8,135,000 (24 Mar 26) -> 8,250,000 (09 Jun 26) -> 8,575,000 (17 Jun 26)",,1240822684,CAR~MEN MOTORS' Taycan Turbo S 761 hp,https://www.sahibinden.com/ilan/vasita-otomobil-porsche-car%7Emen-motors-taycan-turbo-s-761-hp-1240822684/detay
59,68.6,4S,2020,117500,5875000,0.1,0.0,0,0,1,No,No,1.0,0.0,0.0,30.0,PB (79.2 kWh),Galeriden,Hayır,19583,1.55,0.347,0.75,0.526,0.1,1.0,0.0,0.0,0.0,"5,875,000 (25 Jun 26)",,1324531726,'TPD GARAGE' 2020 PORSCHE TAYCAN 4S ISITMA/SOĞUTMA/Y. EKRAN/BOSE,https://www.sahibinden.com/ilan/vasita-otomobil-porsche-tpd-garage-2020-porsche-taycan-4s-isitma-sogutma-y-ekran-bose-1324531726/detay
60,68.5,Taycan,2023,23000,8150000,0.6,0.0,0,0,5,Yes,Yes,0.0,0.0,0.0,29.0,PB (79.2 kWh),Sahibinden,Hayır,7667,0.322,0.744,1.0,0.509,0.6,0.95,5.0,3.0,0.0,"8,150,000 (21 Jun 26)",,1323166444,2024 BAYİ ÇIKIŞLI TAYCAN 23.000km İÇİ KAHVE UZATILMIŞ GARANTİLİ,https://www.sahibinden.com/ilan/vasita-otomobil-porsche-2024-bayi-cikisli-taycan-23.000km-ici-kahve-uzatilmis-garantili-1323166444/detay
61,68.2,Taycan,2021,23667,6675000,1.0,0.0,0,0,9,Yes,No,0.0,0.0,0.0,43.0,PB (79.2 kWh),Galeriden,Hayır,4733,0.635,0.842,1.0,0.754,0.25,0.95,5.0,0.0,0.0,"6,675,000 (17 Jun 26)",,1322011505,''NOVA MOTORS'' 2021 PORSCHE TAYCAN 408HP / HATASIZ / 23.667KM,https://www.sahibinden.com/ilan/vasita-otomobil-porsche-nova-motors-2021-porsche-taycan-408hp-hatasiz-23.667km-1322011505/detay
62,68.1,4S,2023,28500,9900000,3.9,0.0,0,1,17,Yes,Yes,0.0,0.0,0.0,48.0,PB Plus (93.4 kWh),Galeriden,Hayır,9500,0.025,0.683,1.0,0.842,0.6,1.0,5.0,3.0,0.0,"9,900,000 (09 Jun 26)",,1319849895,2023 BAYİ-TAYCAN 4S PERFOR.PLUS-CAM­TAVAN-BOSE-AIR­MATIC-K.SOĞUTMA,https://www.sahibinden.com/ilan/vasita-otomobil-porsche-2023-bayi-taycan-4s-perfor.plus-camtavan-bose-airmatic-k.sogutma-1319849895/detay
63,67.8,4S,2021,52000,7100000,25.4,0.0,0,5,139,Yes,Yes,0.0,0.0,0.0,0.0,PB Plus (93.4 kWh),Galeriden,Hayır,10400,0.721,0.653,1.0,0.0,0.25,1.0,5.0,3.0,0.0,"7,100,000 (07 Feb 26)",,1033650132,İMPERİAL MOTORS 2021 PORSCHE TAYCAN 4S PERFORMANCE PLUS BOSE,https://www.sahibinden.com/ilan/vasita-otomobil-porsche-imperial-motors-2021-porsche-taycan-4s-performance-plus-bose-1033650132/detay
64,67.8,Turbo S,2020,79419,8150000,33.4,0.0,0,9,139,Yes,No,0.0,0.0,0.0,0.0,PB Plus (93.4 kWh),Galeriden,Hayır,13236,0.819,0.559,1.0,0.0,0.1,1.08,5.0,0.0,0.0,"7,500,000 (07 Feb 26) -> 8,150,000 (04 May 26)",,1295547663,-MAKINA VADI-2020 PORSCHE TAYCAN TURBO S-BURMESTER-MASAJ-,https://www.sahibinden.com/ilan/vasita-otomobil-porsche-makina-vadi-2020-porsche-taycan-turbo-s-burmester-masaj-1295547663/detay
65,67.5,Taycan,2022,62000,5850000,1.0,0.0,0,0,9,No,Yes,0.0,3.0,0.0,29.0,PB (79.2 kWh),Galeriden,Hayır,15500,1.244,0.483,0.625,0.509,0.4,0.95,0.0,3.0,0.0,"5,850,000 (17 Jun 26)",,1322053338,-KIRCA- BAYİ 2022 porsche Taycan Premium Spor Otomobil 62bin KM,https://www.sahibinden.com/ilan/vasita-otomobil-porsche-kirca-bayi-2022-porsche-taycan-premium-spor-otomobil-62bin-km-1322053338/detay
66,67.4,4S,2022,49500,7800000,39.2,4.9,1,6,139,No,No,2.0,0.0,0.0,30.0,PB (79.2 kWh),Galeriden,Hayır,12375,1.195,0.588,0.5,0.526,0.4,1.0,0.0,0.0,0.0,"7,500,000 (07 Feb 26) -> 8,200,000 (01 Mar 26) -> 7,800,000 (17 May 26)",,1296943780,BK'DAN 2022 TAYCAN 4S PERFORMANCE PLUS 49.000KM,https://www.sahibinden.com/ilan/vasita-otomobil-porsche-bk-dan-2022-taycan-4s-performance-plus-49.000km-1296943780/detay
67,67.3,4S,2024,17500,13200000,13.1,0.8,2,1,17,Yes,Yes,0.0,0.0,0.0,53.0,PB Plus (105 kWh),Galeriden,Hayır,8750,-0.471,0.708,1.0,0.93,1.0,1.0,5.0,3.0,0.0,"13,300,000 (09 Jun 26) -> 13,200,000 (17 Jun 26) -> 13,250,000 (21 Jun 26) -> 13,200,000 (25 Jun 26)",,1320619703,EKSTRALI EMSALSİZ 2024 TAYCAN HATASIZ 4s PERFORMANCE Plus,https://www.sahibinden.com/ilan/vasita-otomobil-porsche-ekstrali-emsalsiz-2024-taycan-hatasiz-4s-performance-plus-1320619703/detay
68,67.0,Taycan,2024,22000,12850000,1.0,0.0,0,0,9,Yes,No,0.0,0.0,0.0,42.0,PB Plus (105 kWh),Sahibinden,Hayır,11000,-0.0,0.633,1.0,0.737,1.0,0.95,5.0,0.0,0.0,"12,850,000 (17 Jun 26)",,1322609644,SAHİBİNDEN 2024 TAYCAN 4-S PLUS PERFORMANS YENİ KASA SATILIK,https://www.sahibinden.com/ilan/vasita-otomobil-porsche-sahibinden-2024-taycan-4-s-plus-performans-yeni-kasa-satilik-1322609644/detay
69,66.7,4S,2023,42000,9600000,21.0,0.0,0,4,117,Yes,No,0.0,0.0,0.0,30.0,PB (79.2 kWh),Galeriden,Hayır,14000,0.348,0.533,1.0,0.526,0.6,1.0,5.0,0.0,0.0,"9,600,000 (01 Mar 26)",,1300629817,FIRST OF CARS PORSCHE TAYCAN 4S 530 HP,https://www.sahibinden.com/ilan/vasita-otomobil-porsche-first-of-cars-porsche-taycan-4s-530-hp-1300629817/detay
70,66.4,4S,2020,61700,6540000,6.9,0.8,1,0,15,Yes,No,0.0,0.0,0.0,35.0,PB (79.2 kWh),Galeriden,Hayır,10283,0.697,0.657,1.0,0.614,0.1,1.0,5.0,0.0,0.0,"6,590,000 (11 Jun 26) -> 6,540,000 (21 Jun 26)",,1321840928,RIVER'S CARS DAN-PORSCHE TAYCAN 4S-61.000 KM-HATASIZ-GARANTİLİ,https://www.sahibinden.com/ilan/vasita-otomobil-porsche-river-s-cars-dan-porsche-taycan-4s-61.000-km-hatasiz-garantili-1321840928/detay
71,65.9,4S,2023,28500,9890000,1.0,0.0,0,0,9,Yes,Yes,0.0,0.0,0.0,30.0,PB (79.2 kWh),Galeriden,Hayır,9500,0.036,0.683,1.0,0.526,0.6,1.0,5.0,3.0,0.0,"9,890,000 (17 Jun 26)",,1322202628,2023 PORSCHE TAYCAN 4S PERF.PLS 530 HP BAYİ BOSE SOĞUTMA AİRMATC,https://www.sahibinden.com/ilan/vasita-otomobil-porsche-2023-porsche-taycan-4s-perf.pls-530-hp-bayi-bose-sogutma-airmatc-1322202628/detay
72,65.9,4S,2023,67000,9150000,3.9,0.0,0,1,17,No,Yes,0.0,2.0,0.0,30.0,PB (79.2 kWh),Galeriden,Hayır,22333,0.832,0.256,0.75,0.526,0.6,1.0,0.0,3.0,0.0,"8,750,000 (09 Jun 26) -> 9,150,000 (17 Jun 26)",,1320788470,CEYLAN MOTORS 2023 BAYİ PORSCHE TAYCAN ELEKTRİK 4S SOĞUTMA+NAVİ,https://www.sahibinden.com/ilan/vasita-otomobil-porsche-ceylan-motors-2023-bayi-porsche-taycan-elektrik-4s-sogutma-plusnavi-1320788470/detay
73,65.9,Turbo,2020,41000,6950000,30.8,3.5,2,3,101,No,No,1.0,1.0,0.0,39.0,PB Plus (93.4 kWh),Sahibinden,Hayır,6833,0.919,0.772,0.625,0.684,0.1,1.05,0.0,0.0,0.0,"7,140,000 (17 Mar 26) -> 7,199,999 (04 May 26) -> 6,995,000 (01 Jun 26) -> 6,950,000 (17 Jun 26)",,1305520841,SAHİBİNDEN 2020 ARALIK YENİKÖY MOTORS ÇIKIŞLI TAYCAN TURBO,https://www.sahibinden.com/ilan/vasita-otomobil-porsche-sahibinden-2020-aralik-yenikoy-motors-cikisli-taycan-turbo-1305520841/detay
74,65.6,4S,2023,72000,9500000,19.3,2.1,1,2,72,Yes,No,0.0,0.0,0.0,45.0,PB (79.2 kWh),Sahibinden,Hayır,24000,0.455,0.2,1.0,0.789,0.6,1.0,5.0,0.0,0.0,"9,700,000 (15 Apr 26) -> 9,500,000 (04 May 26)",,1308999093,PORSCHE TAYCAN 4S PERFORMANCE PLUS,https://www.sahibinden.com/ilan/vasita-otomobil-porsche-porsche-taycan-4s-performance-plus-1308999093/detay
75,65.5,Turbo S,2020,14500,9050000,0.1,0.0,0,0,1,Yes,Yes,0.0,0.0,0.0,33.0,PB Plus (93.4 kWh),Sahibinden,Hayır,2417,0.047,0.919,1.0,0.579,0.1,1.08,5.0,3.0,0.0,"9,050,000 (25 Jun 26)",,1324193713,SAHİBİNDEN HATASIZ DÜŞÜK KM,https://www.sahibinden.com/ilan/vasita-otomobil-porsche-sahibinden-hatasiz-dusuk-km-1324193713/detay
76,65.3,4S,2022,58500,8200000,1.0,0.0,0,0,9,Yes,Yes,0.0,0.0,0.0,0.0,PB Plus (93.4 kWh),Galeriden,Hayır,14625,0.552,0.512,1.0,0.0,0.4,1.0,5.0,3.0,0.0,"8,200,000 (17 Jun 26)",,1322565356,BAYİ 2022 TAYCAN 4S PERFORMANCE PLUS SOĞUTMA-BOSE -360°-BOYASZ,https://www.sahibinden.com/ilan/vasita-otomobil-porsche-bayi-2022-taycan-4s-performance-plus-sogutma-bose-360-boyasz-1322565356/detay
77,65.1,4S,2021,93000,6600000,11.9,0.0,0,3,53,No,Yes,1.0,0.0,0.0,0.0,PB Plus (93.4 kWh),Galeriden,Hayır,18600,1.248,0.38,0.75,0.0,0.25,1.0,0.0,3.0,0.0,"6,600,000 (04 May 26)",,1312792188,ONS MOTORS'DAN 2021 PORSCHE TAYCAN 4S P.PLUS SERVİS BAKIMLI,https://www.sahibinden.com/ilan/vasita-otomobil-porsche-ons-motors-dan-2021-porsche-taycan-4s-p.plus-servis-bakimli-1312792188/detay
78,65.0,Turbo S,2020,36000,8700000,13.7,1.1,2,1,17,Yes,Yes,0.0,0.0,0.0,0.0,PB Plus (93.4 kWh),Galeriden,Hayır,6000,0.347,0.8,1.0,0.0,0.1,1.08,5.0,3.0,0.0,"8,800,000 (09 Jun 26) -> 8,750,000 (11 Jun 26) -> 8,700,000 (25 Jun 26)",,1321341539,SEM | CAR PORSCHE CARBON TAYCAN TURBO S BAYİİ 36.000 KM,https://www.sahibinden.com/ilan/vasita-otomobil-porsche-sem-car-porsche-carbon-taycan-turbo-s-bayii-36.000-km-1321341539/detay
79,64.7,4S,2023,78000,9400000,19.0,0.0,0,3,117,Yes,No,0.0,0.0,0.0,30.0,PB (79.2 kWh),Galeriden,Hayır,26000,0.563,0.133,1.0,0.526,0.6,1.0,5.0,0.0,0.0,"9,400,000 (01 Mar 26)",,1302714551,ZENN MOTORS'TAN 2023 PORSCHE TAYCAN 4S KIRMIZI DERİ HATASIZ,https://www.sahibinden.com/ilan/vasita-otomobil-porsche-zenn-motors-tan-2023-porsche-taycan-4s-kirmizi-deri-hatasiz-1302714551/detay
80,64.5,Taycan,2021,81000,6670000,45.8,5.4,5,3,101,Yes,Yes,0.0,0.0,0.0,34.0,PB (79.2 kWh),Sahibinden,Hayır,16200,0.642,0.46,1.0,0.596,0.25,0.95,5.0,3.0,0.0,"7,050,000 (17 Mar 26) -> 7,000,000 (24 Mar 26) -> 7,050,000 (01 Apr 26) -> 6,800,000 (04 May 26) -> 6,700,000 (17 May 26) -> 6,699,000 (01 Jun 26) -> 6,670,000 (25 Jun 26)",,1303818757,BAYİ-HATASIZ-BO­YASIZ-GARANTİLİ P.PLUS BATARYA-TAYCAN,https://www.sahibinden.com/ilan/vasita-otomobil-porsche-bayi-hatasiz-boyasiz-garantili-p.plus-batarya-taycan-1303818757/detay
81,64.3,4S,2024,6123,13499950,21.6,3.6,1,3,53,Yes,Yes,0.0,0.0,0.0,47.0,PB Plus (105 kWh),Galeriden,Hayır,3062,-0.742,0.898,1.0,0.825,1.0,1.0,5.0,3.0,0.0,"14,000,000 (04 May 26) -> 13,499,950 (25 Jun 26)",,1311485725,AKTİF-İRİYIL/PORSCHE TAYCAN 4S PERFORMANCE PLUS 590HP/2024/SİYAH,https://www.sahibinden.com/ilan/vasita-otomobil-porsche-aktif-iriyil-porsche-taycan-4s-performance-plus-590hp-2024-siyah-1311485725/detay
82,64.1,4S,2023,67000,9100000,0.6,0.0,0,0,5,No,No,0.0,2.0,0.0,30.0,PB (79.2 kWh),Galeriden,Hayır,22333,0.885,0.256,0.75,0.526,0.6,1.0,0.0,0.0,0.0,"9,100,000 (21 Jun 26)",,1323445524,BİRLİK GLOBAL'DEN HATASIZ BOYASIZ,https://www.sahibinden.com/ilan/vasita-otomobil-porsche-birlik-global-den-hatasiz-boyasiz-1323445524/detay
83,64.0,4S,2021,38000,7550000,29.4,0.0,0,7,139,Yes,Yes,0.0,0.0,0.0,28.0,PB (79.2 kWh),Galeriden,Hayır,7600,0.248,0.747,1.0,0.491,0.25,1.0,5.0,3.0,0.0,"7,400,000 (07 Feb 26) -> 7,550,000 (09 Jun 26)",,1244878604,GÜNALOĞLU'dan-BAYİ ÇIKIŞLI- 516 HP-HATASIZ-38.00­0KM-PERFORMANCE,https://www.sahibinden.com/ilan/vasita-otomobil-porsche-gunaloglu-dan-bayi-cikisli-516-hp-hatasiz-38.000km-performance-1244878604/detay
84,63.7,4S,2020,98000,6450000,60.7,9.8,8,6,117,Yes,Yes,0.0,0.0,0.0,0.0,PB Plus (93.4 kWh),Galeriden,Hayır,16333,0.813,0.456,1.0,0.0,0.1,1.0,5.0,3.0,0.0,"7,150,000 (01 Mar 26) -> 6,920,000 (17 Mar 26) -> 6,850,000 (24 Mar 26) -> 6,825,000 (01 Apr 26) -> 6,775,000 (15 Apr 26) -> 6,725,000 (17 May 26) -> 6,550,000 (01 Jun 26) -> 6,525,000 (17 Jun 26) -> 6,450,000 (21 Jun 26)",,1300072010,ALDATMAZ BAYİ 2020 TAYCAN 4S PERFORMENCE PLUS SOĞT+CHRONO+HATSZ,https://www.sahibinden.com/ilan/vasita-otomobil-porsche-aldatmaz-bayi-2020-taycan-4s-performence-plus-sogt-pluschrono-plushatsz-1300072010/detay
85,63.5,4S,2020,146000,5750000,25.0,0.0,0,6,117,No,No,2.0,1.0,0.0,30.0,PB (79.2 kWh),Galeriden,Hayır,24333,1.711,0.189,0.375,0.526,0.1,1.0,0.0,0.0,0.0,"5,750,000 (01 Mar 26)",,1301385007,SEFA YILMAZ'DAN 2020 PORSCHE TAYCAN 4S P.MNCE ELK BAGJ AIRMTIC,https://www.sahibinden.com/ilan/vasita-otomobil-porsche-sefa-yilmaz-dan-2020-porsche-taycan-4s-p.mnce-elk-bagj-airmtic-1301385007/detay
86,63.3,4S,2020,78000,6700000,1.0,0.0,0,0,9,Yes,Yes,0.0,0.0,0.0,30.0,PB (79.2 kWh),Sahibinden,Hayır,13000,0.492,0.567,1.0,0.526,0.1,1.0,5.0,3.0,0.0,"6,700,000 (17 Jun 26)",,1322695865,HATASIZ BOYASIZ TRAMERSİZ BAYİ ÇIKISLI İÇİ TABA,https://www.sahibinden.com/ilan/vasita-otomobil-porsche-hatasiz-boyasiz-tramersiz-bayi-cikisli-ici-taba-1322695865/detay
87,63.2,4S,2021,30846,7550000,10.4,0.0,0,3,40,Yes,Yes,0.0,0.0,0.0,16.0,PB Plus (93.4 kWh),Galeriden,Hayır,6169,0.248,0.794,1.0,0.281,0.25,1.0,5.0,3.0,0.0,"7,550,000 (17 May 26)",,1315940658,EREN GRUP 2021 PORSCHE TAYCAN 4S / 571HP / BAYİİ / 30 BİN KM,https://www.sahibinden.com/ilan/vasita-otomobil-porsche-eren-grup-2021-porsche-taycan-4s-571hp-bayii-30-bin-km-1315940658/detay
88,63.1,Turbo S,2022,30980,10250000,19.7,2.4,1,3,53,Yes,Yes,0.0,0.0,0.0,0.0,PB Plus (93.4 kWh),Galeriden,Hayır,7745,-0.0,0.742,1.0,0.0,0.4,1.08,5.0,3.0,0.0,"10,500,000 (04 May 26) -> 10,250,000 (17 May 26)",,1314960047,SS MOTORS 2022 TAYCAN GTS-TURBO S AERO JANT-YOLCU EKRANI-BAYİ,https://www.sahibinden.com/ilan/vasita-otomobil-porsche-ss-motors-2022-taycan-gts-turbo-s-aero-jant-yolcu-ekrani-bayi-1314960047/detay
89,62.5,4S,2020,15100,7000000,37.3,1.1,3,4,139,Yes,Yes,0.0,0.0,0.0,39.0,PB (79.2 kWh),Galeriden,Hayır,2517,0.107,0.916,1.0,0.684,0.1,1.0,5.0,3.0,0.0,"7,080,000 (07 Feb 26) -> 7,060,000 (01 Mar 26) -> 7,040,000 (17 Mar 26) -> 7,000,000 (01 Jun 26)",,1153024225,TARGET MOTORS 2020 PORSCHE TAYCAN 4S PERFORMANCE-BAYİ,https://www.sahibinden.com/ilan/vasita-otomobil-porsche-target-motors-2020-porsche-taycan-4s-performance-bayi-1153024225/detay
90,62.3,Turbo,2020,15000,8275000,0.1,0.0,0,0,1,Yes,Yes,0.0,0.0,0.0,47.0,PB Plus (93.4 kWh),Galeriden,Hayır,2500,-0.12,0.917,1.0,0.825,0.1,1.05,5.0,3.0,0.0,"8,275,000 (25 Jun 26)",,1324255427,ULAŞ MOTORS'DAN BOYASIZ TURBO ISITMA+SOGUTM­A+MATRIX+İÇİ KIRMIZI+,https://www.sahibinden.com/ilan/vasita-otomobil-porsche-ulas-motors-dan-boyasiz-turbo-isitma-plussogutma-plusmatrix-plusici-kirmizi-plus-1324255427/detay
91,62.2,Turbo,2020,52160,7650000,6.4,0.0,0,1,40,Yes,Yes,0.0,0.0,0.0,0.0,PB Plus (93.4 kWh),Sahibinden,Hayır,8693,0.37,0.71,1.0,0.0,0.1,1.05,5.0,3.0,0.0,"7,650,000 (17 May 26)",,1315696567,HATASIZ 680HP BURMESTER+SERAMİK DİSK+AKS SOĞUTMA+PCCB,https://www.sahibinden.com/ilan/vasita-otomobil-porsche-hatasiz-680hp-burmester-plusseramik-disk-plusaks-sogutma-pluspccb-1315696567/detay
92,61.9,4S,2021,95000,7180000,33.6,4.0,1,6,101,Yes,Yes,0.0,0.0,0.0,0.0,PB Plus (93.4 kWh),Galeriden,Hayır,19000,0.637,0.367,1.0,0.0,0.25,1.0,5.0,3.0,0.0,"7,480,000 (17 Mar 26) -> 7,180,000 (17 Jun 26)",,1305034927,HANCAR 2021 PORSCHE TAYCAN 4S PERFORMENCE PLUS-BAYİİ-UZT GARANTİ,https://www.sahibinden.com/ilan/vasita-otomobil-porsche-hancar-2021-porsche-taycan-4s-performence-plus-bayii-uzt-garanti-1305034927/detay
93,61.9,4S,2020,75700,6600000,42.2,6.4,4,4,72,Yes,Yes,0.0,0.0,0.0,0.0,PB Plus (93.4 kWh),Galeriden,Hayır,12617,0.62,0.579,1.0,0.0,0.1,1.0,5.0,3.0,0.0,"7,050,000 (15 Apr 26) -> 6,950,000 (04 May 26) -> 6,790,000 (09 Jun 26) -> 6,745,000 (17 Jun 26) -> 6,600,000 (25 Jun 26)",,1308873991,PANOK-2020 PORSCHE TAYCAN 4S PERFORMANCE PLUS-571HP-BAYİ,https://www.sahibinden.com/ilan/vasita-otomobil-porsche-panok-2020-porsche-taycan-4s-performance-plus-571hp-bayi-1308873991/detay
94,61.8,4S,2022,25000,8250000,23.2,0.0,0,6,101,No,Yes,2.0,0.0,0.0,46.0,PB Plus (93.4 kWh),Galeriden,Hayır,6250,0.471,0.792,0.5,0.807,0.4,1.0,0.0,3.0,0.0,"8,250,000 (17 Mar 26)",,1305220218,FF GARAGE TAYCAN 4S BAYİ/KIRMIZI'DE­Rİ/21'JANT/SOĞ­UTMA/YOLCU'EKRA,https://www.sahibinden.com/ilan/vasita-otomobil-porsche-ff-garage-taycan-4s-bayi-kirmizi-deri-21-jant-sogutma-yolcu-ekra-1305220218/detay
95,61.6,Taycan,2021,44000,6640000,27.1,4.5,1,4,72,Yes,No,0.0,0.0,0.0,0.0,PB (79.2 kWh),Galeriden,Hayır,8800,0.686,0.707,1.0,0.0,0.25,0.95,5.0,0.0,0.0,"6,950,000 (15 Apr 26) -> 6,640,000 (04 May 26)",,1311049157,2021-BOYASIZ-PORSCHE -TAYCAN-380HP-BOSE-­NAV-CAMTAVAN-ISITMA-,https://www.sahibinden.com/ilan/vasita-otomobil-porsche-2021-boyasiz-porsche-taycan-380hp-bose-nav-camtavan-isitma-1311049157/detay
96,61.4,Taycan,2021,83000,6750000,13.9,0.0,0,4,53,Yes,Yes,0.0,0.0,0.0,28.0,PB (79.2 kWh),Galeriden,Hayır,16600,0.525,0.447,1.0,0.491,0.25,0.95,5.0,3.0,0.0,"6,750,000 (04 May 26)",,1312645063,'W' Porsche Taycan 408HP 2021 Mod. 83.000 Km Airmatic/Bose/Bayii,https://www.sahibinden.com/ilan/vasita-otomobil-porsche-w-porsche-taycan-408hp-2021-mod-83.000-km-airmatic-bose-bayii-1312645063/detay
97,61.3,4S,2022,18747,8495000,0.0,0.0,0,0,0,Yes,Yes,0.0,0.0,0.0,0.0,PB Plus (93.4 kWh),Galeriden,Hayır,4687,0.077,0.844,1.0,0.0,0.4,1.0,5.0,3.0,0.0,"8,495,000 (26 Jun 26)",,1324663850,SS MOTORS 2022 TAYCAN 4S PERFORMANCE+-Y.EKRAN­I-18747KM-22KW-BAYİ,https://www.sahibinden.com/ilan/vasita-otomobil-porsche-ss-motors-2022-taycan-4s-performance-plus-y.ekrani-18747km-22kw-bayi-1324663850/detay
98,61.1,Taycan,2025,7000,13475000,24.1,1.3,1,5,72,Yes,Yes,0.0,0.0,0.0,32.0,PB (89 kWh),Galeriden,Hayır,7000,-0.528,0.767,1.0,0.561,1.0,0.95,5.0,3.0,0.0,"13,650,000 (15 Apr 26) -> 13,475,000 (11 Jun 26)",,1309880304,YENİKÖY MOTORS 2025 PORSCHE TAYCAN 4 - YENİ N.BATARYA - BAYİ,https://www.sahibinden.com/ilan/vasita-otomobil-porsche-yenikoy-motors-2025-porsche-taycan-4-yeni-n.batarya-bayi-1309880304/detay
99,61.1,Turbo S,2020,33700,9200000,1.7,0.0,0,0,15,Yes,Yes,0.0,0.0,0.0,32.0,PB Plus (93.4 kWh),Sahibinden,Hayır,5617,-0.081,0.813,1.0,0.561,0.1,1.08,5.0,3.0,0.0,"9,000,000 (11 Jun 26) -> 9,200,000 (25 Jun 26)",,1321697176,2020 TAYCAN TURBO S | İLK SAHİBİNDEN | DOĞUŞ ÇIKIŞLI | BURMESTER,https://www.sahibinden.com/ilan/vasita-otomobil-porsche-2020-taycan-turbo-s-ilk-sahibinden-dogus-cikisli-burmester-1321697176/detay
100,61.0,Taycan,2021,63000,6675000,30.4,3.3,3,1,101,Yes,No,0.0,0.0,0.0,16.0,PB (79.2 kWh),Sahibinden,Hayır,12600,0.635,0.58,1.0,0.281,0.25,0.95,5.0,0.0,0.0,"6,190,000 (17 Mar 26) -> 6,900,000 (24 Mar 26) -> 6,750,000 (01 Jun 26) -> 6,500,000 (17 Jun 26) -> 6,750,000 (21 Jun 26) -> 6,675,000 (25 Jun 26)",,1303704570,Hatasız Boyasız Porsche Taycan İçi Ateş Kırmızı,https://www.sahibinden.com/ilan/vasita-otomobil-porsche-hatasiz-boyasiz-porsche-taycan-ici-ates-kirmizi-1303704570/detay
101,60.9,4S,2022,39000,8650000,0.0,0.0,0,0,0,Yes,Yes,0.0,0.0,0.0,51.0,PB Plus (93.4 kWh),Sahibinden,Hayır,9750,-0.172,0.675,1.0,0.895,0.4,1.0,5.0,3.0,0.0,"8,650,000 (26 Jun 26)",,1324685078,2023 BAYİ ÇIKIŞLI HATASIZ BOYASIZ TRAMERSİZ..,https://www.sahibinden.com/ilan/vasita-otomobil-porsche-2023-bayi-cikisli-hatasiz-boyasiz-tramersiz-1324685078/detay
102,60.9,4S,2020,83000,6500000,25.4,0.0,0,5,139,Yes,No,0.0,0.0,0.0,0.0,PB Plus (93.4 kWh),Galeriden,Hayır,13833,0.749,0.539,1.0,0.0,0.1,1.0,5.0,0.0,0.0,"6,500,000 (07 Feb 26)",,1244033059,VOX 2020 PORSCHE TAYCAN 4S PERFORMANCE PLUS 571hp,https://www.sahibinden.com/ilan/vasita-otomobil-porsche-vox-2020-porsche-taycan-4s-performance-plus-571hp-1244033059/detay
103,60.6,4S,2023,33000,9975000,43.2,3.6,1,9,139,Yes,No,0.0,0.0,0.0,30.0,PB (79.2 kWh),Galeriden,Hayır,11000,-0.056,0.633,1.0,0.526,0.6,1.0,5.0,0.0,0.0,"10,350,000 (07 Feb 26) -> 9,975,000 (17 Mar 26)",,1286966985,İNAN GROUP'TAN HATASIZ DOLULAR DOLUSU TAYCAN 4S 33.000KM,https://www.sahibinden.com/ilan/vasita-otomobil-porsche-inan-group-tan-hatasiz-dolular-dolusu-taycan-4s-33.000km-1286966985/detay
104,60.3,GTS,2021,46000,9749000,10.4,1.0,1,1,25,Yes,Yes,0.0,0.0,0.0,0.0,PB Plus (93.4 kWh),Sahibinden,Hayır,9200,-0.0,0.693,1.0,0.0,0.25,1.1,5.0,3.0,0.0,"9,850,000 (01 Jun 26) -> 9,749,000 (09 Jun 26)",,1319231558,SAHİBİNDEN 2022 TAYCAN GTS BAYİ HATASIZ GARANTİLİ,https://www.sahibinden.com/ilan/vasita-otomobil-porsche-sahibinden-2022-taycan-gts-bayi-hatasiz-garantili-1319231558/detay
105,60.2,4S,2021,70000,7250000,20.0,0.0,2,2,72,Yes,No,0.0,0.0,0.0,0.0,PB Plus (93.4 kWh),Galeriden,Hayır,14000,0.564,0.533,1.0,0.0,0.25,1.0,5.0,0.0,0.0,"7,250,000 (15 Apr 26) -> 7,200,000 (04 May 26) -> 7,100,000 (01 Jun 26) -> 7,250,000 (17 Jun 26)",,1311026830,HATASIZ BOYASIZ 2021 PORSCHE TAYCAN 4S PERFORMANS PLUS 70.000 KM,https://www.sahibinden.com/ilan/vasita-otomobil-porsche-hatasiz-boyasiz-2021-porsche-taycan-4s-performans-plus-70.000-km-1311026830/detay
106,60.2,Taycan,2021,53000,6800000,38.0,2.9,2,5,139,Yes,No,0.0,0.0,0.0,28.0,PB (79.2 kWh),Galeriden,Hayır,10600,0.452,0.647,1.0,0.491,0.25,0.95,5.0,0.0,0.0,"6,400,000 (07 Feb 26) -> 6,700,000 (01 Mar 26) -> 6,900,000 (15 Apr 26) -> 6,800,000 (04 May 26) -> 7,000,000 (21 Jun 26) -> 6,800,000 (21 Jun 26)",,1270876427,NOYAN MOTORS SOĞUTMA YOLCU EKRAN TAM DOLU UZUN MENZİL TAYCAN,https://www.sahibinden.com/ilan/vasita-otomobil-porsche-noyan-motors-sogutma-yolcu-ekran-tam-dolu-uzun-menzil-taycan-1270876427/detay
107,60.0,4S,2020,51000,6650000,57.0,3.5,6,8,139,Yes,No,0.0,0.0,0.0,0.0,PB Plus (93.4 kWh),Galeriden,Hayır,8500,0.556,0.717,1.0,0.0,0.1,1.0,5.0,0.0,0.0,"6,800,000 (07 Feb 26) -> 6,850,000 (01 Mar 26) -> 6,785,000 (17 Mar 26) -> 6,745,000 (24 Mar 26) -> 6,760,000 (15 Apr 26) -> 6,890,000 (04 May 26) -> 6,870,000 (17 May 26) -> 6,790,000 (09 Jun 26) -> 6,745,000 (21 Jun 26) -> 6,650,000 (25 Jun 26)",,1282094968,TURANLAR OTO GLERİDEN TAYCAN 4S PERFORMANCE PLUS,https://www.sahibinden.com/ilan/vasita-otomobil-porsche-turanlar-oto-gleriden-taycan-4s-performance-plus-1282094968/detay
108,59.9,4S,2025,9000,16500000,10.4,0.0,0,3,40,Yes,Yes,0.0,0.0,0.0,32.0,PB Plus (105 kWh),Galeriden,Hayır,9000,-0.707,0.7,1.0,0.561,1.0,1.0,5.0,3.0,0.0,"16,500,000 (17 May 26)",,1316392742,SIFIR AYARINDA ÖZEL SİPARİŞ ARKA AKS / TEBEŞİR RENK / MATRİX FAR,https://www.sahibinden.com/ilan/vasita-otomobil-porsche-sifir-ayarinda-ozel-siparis-arka-aks-tebesir-renk-matrix-far-1316392742/detay
109,59.9,4S,2020,70365,6750000,7.9,0.0,1,1,17,Yes,No,0.0,0.0,0.0,30.0,PB (79.2 kWh),Galeriden,Hayır,11728,0.428,0.609,1.0,0.526,0.1,1.0,5.0,0.0,0.0,"6,490,000 (09 Jun 26) -> 6,650,000 (11 Jun 26) -> 6,550,000 (21 Jun 26) -> 6,750,000 (25 Jun 26)",,1321376571,PORSCHE TAYCAN 4S PERFORMANCE PLUS 571 CHRONO BOSE YOLCU EK,https://www.sahibinden.com/ilan/vasita-otomobil-porsche-porsche-taycan-4s-performance-plus-571-chrono-bose-yolcu-ek-1321376571/detay
110,59.9,Turbo S,2020,14282,9200000,25.4,0.0,0,5,139,Yes,No,0.0,0.0,0.0,32.0,PB Plus (93.4 kWh),Galeriden,Hayır,2380,-0.081,0.921,1.0,0.561,0.1,1.08,5.0,0.0,0.0,"9,200,000 (07 Feb 26)",,1265273902,TARGET MOTORS 2020 TAYCAN TURBO S 761 HP KARBON SERAMİK FREN,https://www.sahibinden.com/ilan/vasita-otomobil-porsche-target-motors-2020-taycan-turbo-s-761-hp-karbon-seramik-fren-1265273902/detay
111,59.5,Taycan,2025,6001,13600000,23.3,2.2,2,3,53,Yes,Yes,0.0,0.0,0.0,32.0,PB Plus (105 kWh),Galeriden,Hayır,6001,-0.642,0.8,1.0,0.561,1.0,0.95,5.0,3.0,0.0,"13,900,000 (04 May 26) -> 13,700,000 (17 Jun 26) -> 13,600,000 (26 Jun 26)",,1313682871,2025 ÖZEL SİPARİŞ/TAM DOLU/BAYİ ÇIKŞL Y.NESİL BATARYA UZUN MENZ,https://www.sahibinden.com/ilan/vasita-otomobil-porsche-2025-ozel-siparis-tam-dolu-bayi-ciksl-y.nesil-batarya-uzun-menz-1313682871/detay
112,59.4,4S,2020,118000,6440000,12.3,0.9,1,2,25,Yes,No,0.0,0.0,0.0,0.0,PB Plus (93.4 kWh),Galeriden,Hayır,19667,0.826,0.344,1.0,0.0,0.1,1.0,5.0,0.0,0.0,"6,140,000 (01 Jun 26) -> 6,340,000 (09 Jun 26) -> 6,500,000 (17 Jun 26) -> 6,440,000 (25 Jun 26)",,1318323702,2030 GARANTİLİ HATASIZ BOYASIZ TRAMERSİZ CAM TAVAN TAKAS OLUR,https://www.sahibinden.com/ilan/vasita-otomobil-porsche-2030-garantili-hatasiz-boyasiz-tramersiz-cam-tavan-takas-olur-1318323702/detay
113,59.3,Turbo S,2020,53500,9200000,14.2,1.1,1,2,40,Yes,Yes,0.0,0.0,0.0,32.0,PB Plus (93.4 kWh),Sahibinden,Hayır,8917,-0.081,0.703,1.0,0.561,0.1,1.08,5.0,3.0,0.0,"9,300,000 (17 May 26) -> 9,200,000 (01 Jun 26)",,1315094450,Carbon SPORT DESiGN Paket - Bayi çıkışlı- Garantili,https://www.sahibinden.com/ilan/vasita-otomobil-porsche-carbon-sport-design-paket-bayi-cikisli-garantili-1315094450/detay
114,59.3,4S,2020,38000,6890000,23.4,0.9,1,5,72,Yes,No,0.0,0.0,0.0,30.0,PB (79.2 kWh),Galeriden,Hayır,6333,0.248,0.789,1.0,0.526,0.1,1.0,5.0,0.0,0.0,"6,950,000 (15 Apr 26) -> 6,850,000 (11 Jun 26) -> 6,890,000 (17 Jun 26)",,1309455641,2020 MODEL & BOYASIZ & 38000KM & 490 hp & CAM TAVAN & AİR,https://www.sahibinden.com/ilan/vasita-otomobil-porsche-2020-model-boyasiz-38000km-490-hp-cam-tavan-air-1309455641/detay
115,58.9,Taycan,2021,46000,6850000,0.1,0.0,0,0,1,Yes,Yes,0.0,0.0,0.0,0.0,PB Plus (93.4 kWh),Galeriden,Hayır,9200,0.379,0.693,1.0,0.0,0.25,0.95,5.0,3.0,0.0,"6,850,000 (25 Jun 26)",,1324344187,BAYİİ 2021 TAYCAN 476 HP 46.000 KM'DE BOYASIZ PERFORMACE+BATARYA,https://www.sahibinden.com/ilan/vasita-otomobil-porsche-bayii-2021-taycan-476-hp-46.000-km-de-boyasiz-performace-plusbatarya-1324344187/detay
116,58.8,Taycan,2023,19400,8250000,21.0,4.1,1,3,40,Yes,Yes,0.0,0.0,0.0,0.0,PB Plus (93.4 kWh),Galeriden,Hayır,6467,-0.046,0.784,1.0,0.0,0.6,0.95,5.0,3.0,0.0,"8,200,000 (17 May 26) -> 8,600,000 (01 Jun 26) -> 8,250,000 (11 Jun 26)",,1316041787,EKİP OTODAN BAYİ HATASIZ GARANTİLİ DÜŞÜK KM 476HB P.PLUS BATARYA,https://www.sahibinden.com/ilan/vasita-otomobil-porsche-ekip-otodan-bayi-hatasiz-garantili-dusuk-km-476hb-p.plus-batarya-1316041787/detay
117,58.8,Turbo S,2020,49000,9250000,30.4,9.8,2,2,25,Yes,Yes,0.0,0.0,0.0,32.0,PB Plus (93.4 kWh),Galeriden,Hayır,8167,-0.124,0.728,1.0,0.561,0.1,1.08,5.0,3.0,0.0,"10,150,000 (01 Jun 26) -> 10,250,000 (09 Jun 26) -> 9,250,000 (11 Jun 26) -> 8,350,000 (17 Jun 26) -> 9,250,000 (25 Jun 26)",,1318406799,GRAND MOTORS HATASIZ BOYASIZ TRAMERSİZ BAYİ ÖZEL RENK,https://www.sahibinden.com/ilan/vasita-otomobil-porsche-grand-motors-hatasiz-boyasiz-tramersiz-bayi-ozel-renk-1318406799/detay
118,58.7,4S,2020,113000,6490000,12.1,3.9,1,0,17,Yes,No,0.0,0.0,0.0,0.0,PB Plus (93.4 kWh),Galeriden,Hayır,18833,0.761,0.372,1.0,0.0,0.1,1.0,5.0,0.0,0.0,"6,750,000 (09 Jun 26) -> 6,490,000 (17 Jun 26)",,1320786079,2020 TAYCAN 4S P.PLUS/HTSIZ /AİR/YLCU E./CHRONO/SĞT­MA/BOSE/571HP,https://www.sahibinden.com/ilan/vasita-otomobil-porsche-2020-taycan-4s-p.plus-htsiz-air-ylcu-e-chrono-sgtma-bose-571hp-1320786079/detay
119,58.6,4S,2020,87000,6700000,1.0,0.0,0,0,9,Yes,Yes,0.0,0.0,0.0,0.0,PB Plus (93.4 kWh),Galeriden,Hayır,14500,0.492,0.517,1.0,0.0,0.1,1.0,5.0,3.0,0.0,"6,700,000 (17 Jun 26)",,1322749221,ORKUNDAN BOYASİZ TAM DOLU DAHA TEMİZİ YOK!!!,https://www.sahibinden.com/ilan/vasita-otomobil-porsche-orkundan-boyasiz-tam-dolu-daha-temizi-yok-1322749221/detay
120,58.4,Taycan,2020,110000,6600000,12.0,0.8,1,2,25,Yes,No,0.0,0.0,0.0,32.0,PB Plus (93.4 kWh),Galeriden,Hayır,18333,0.681,0.389,1.0,0.561,0.1,0.95,5.0,0.0,0.0,"6,650,000 (01 Jun 26) -> 6,600,000 (09 Jun 26)",,1318559138,YFK'DAN 2020 PORSCHE TAYCAN ARKA AKS-GECE GÖRÜŞ-AIRMTC HATASIZ,https://www.sahibinden.com/ilan/vasita-otomobil-porsche-yfk-dan-2020-porsche-taycan-arka-aks-gece-gorus-airmtc-hatasiz-1318559138/detay
121,58.0,4S,2024,20000,13300000,4.8,0.0,0,1,25,Yes,Yes,0.0,0.0,0.0,0.0,PB Plus (105 kWh),Sahibinden,Hayır,10000,-0.561,0.667,1.0,0.0,1.0,1.0,5.0,3.0,0.0,"13,300,000 (01 Jun 26)",,1318834802,BAYİ! 2024 YENİ KASA 4SPP PORSCHE TAYCAN HATASIZ TRAMERSİZ FULL,https://www.sahibinden.com/ilan/vasita-otomobil-porsche-bayi-2024-yeni-kasa-4spp-porsche-taycan-hatasiz-tramersiz-full-1318834802/detay
122,57.8,Turbo,2020,43500,7650000,1.0,0.0,0,0,9,No,No,0.0,1.0,0.0,32.0,PB Plus (93.4 kWh),Galeriden,Hayır,7250,0.37,0.758,0.875,0.561,0.1,1.05,0.0,0.0,0.0,"7,650,000 (17 Jun 26)",,1322773204,-MAKINA VADI-2020 PORSCHE TAYCAN TURBO -YOLCU EKRANI-CHRONO-LIFT,https://www.sahibinden.com/ilan/vasita-otomobil-porsche-makina-vadi-2020-porsche-taycan-turbo-yolcu-ekrani-chrono-lift-1322773204/detay
123,57.8,4S,2024,8625,13550000,0.0,0.0,0,0,0,Yes,No,0.0,0.0,0.0,31.0,PB Plus (105 kWh),Galeriden,Hayır,4312,-0.787,0.856,1.0,0.544,1.0,1.0,5.0,0.0,0.0,"13,550,000 (26 Jun 26)",,1324625167,AKG GRUP-2024 PORSCHE TAYCAN 4S HATASIZ,https://www.sahibinden.com/ilan/vasita-otomobil-porsche-akg-grup-2024-porsche-taycan-4s-hatasiz-1324625167/detay
124,57.7,Turbo S,2019,87000,7825000,29.3,3.3,3,2,72,Yes,Yes,0.0,0.0,0.0,23.0,PB Plus (93.4 kWh),Galeriden,Hayır,12429,-0.0,0.586,1.0,0.404,0.1,1.08,5.0,3.0,0.0,"8,095,000 (15 Apr 26) -> 7,985,000 (04 May 26) -> 7,895,000 (17 Jun 26) -> 7,825,000 (25 Jun 26)",,1309799643,| UNIQ AUTO | 2019 TURBO S SGTMA ''21'' BURMESTER Y.EKRN BAYİ,https://www.sahibinden.com/ilan/vasita-otomobil-porsche-uniq-auto-2019-turbo-s-sgtma-21-burmester-y.ekrn-bayi-1309799643/detay
125,57.5,4S,2023,9850,10550000,16.9,1.9,2,2,17,Yes,Yes,0.0,0.0,0.0,44.0,PB (79.2 kWh),Sahibinden,Hayır,3283,-0.674,0.891,1.0,0.772,0.6,1.0,5.0,3.0,0.0,"10,550,000 (09 Jun 26) -> 10,390,000 (11 Jun 26) -> 10,750,000 (17 Jun 26) -> 10,550,000 (25 Jun 26)",,1319994222,İlk sahibinden/9850 km/bayi/içi kırmızı/GARANTİLİ,https://www.sahibinden.com/ilan/vasita-otomobil-porsche-ilk-sahibinden-9850-km-bayi-ici-kirmizi-garantili-1319994222/detay
126,57.5,4S,2020,51348,6750000,10.2,1.5,1,1,17,Yes,No,0.0,0.0,0.0,0.0,PB (79.2 kWh),Galeriden,Hayır,8558,0.428,0.715,1.0,0.0,0.1,1.0,5.0,0.0,0.0,"6,850,000 (09 Jun 26) -> 6,750,000 (25 Jun 26)",,1320604146,"SS MOTORS 2020 TAYCAN 4S PERFORMANCE PLUS-Y.EKRANI-­21""JANT-571HP",https://www.sahibinden.com/ilan/vasita-otomobil-porsche-ss-motors-2020-taycan-4s-performance-plus-y.ekrani-21-jant-571hp-1320604146/detay
127,57.2,GTS,2023,30000,11750000,23.4,0.0,0,4,139,Yes,Yes,0.0,0.0,0.0,0.0,PB Plus (93.4 kWh),Sahibinden,Hayır,10000,-0.481,0.667,1.0,0.0,0.6,1.1,5.0,3.0,0.0,"11,750,000 (07 Feb 26)",,1273437355,2023 GTS/BAYI CIKIS/SELECTED ALL OZEL SIPARIS ARAC/HATASIZ,https://www.sahibinden.com/ilan/vasita-otomobil-porsche-2023-gts-bayi-cikis-selected-all-ozel-siparis-arac-hatasiz-1273437355/detay
128,56.8,4S,2023,6800,10599900,3.9,0.0,0,1,17,Yes,Yes,0.0,0.0,0.0,42.0,PB (79.2 kWh),Galeriden,Hayır,2267,-0.728,0.924,1.0,0.737,0.6,1.0,5.0,3.0,0.0,"10,599,900 (09 Jun 26)",,1320786378,HALİLOĞLU 2023 PORSCHE TAYCAN 4S PERFORMANCE PLUS BAYİ HATASIZ,https://www.sahibinden.com/ilan/vasita-otomobil-porsche-haliloglu-2023-porsche-taycan-4s-performance-plus-bayi-hatasiz-1320786378/detay
129,56.7,GTS,2023,56962,11700000,15.9,0.0,1,3,53,Yes,Yes,0.0,0.0,0.0,0.0,PB Plus (93.4 kWh),Galeriden,Hayır,18987,-0.261,0.367,1.0,0.0,0.6,1.1,5.0,3.0,0.0,"9,875,000 (04 May 26) -> 9,750,000 (17 May 26) -> 11,700,000 (25 Jun 26)",,1312712957,"BAYİ PORSCHE TAYCAN GTS TAMAMINA KREDİ KARTI 12 AY %2,77","https://www.sahibinden.com/ilan/vasita-otomobil-porsche-bayi-porsche-taycan-gts-tamamina-kredi-karti-12-ay-2,77-1312712957/detay"
130,56.7,Taycan,2022,23150,7700000,0.1,0.0,0,0,1,Yes,Yes,0.0,0.0,0.0,29.0,PB (79.2 kWh),Galeriden,Hayır,5788,-0.189,0.807,1.0,0.509,0.4,0.95,5.0,3.0,0.0,"7,700,000 (25 Jun 26)",,1324598556,DOĞUŞ OTO KARTAL- 2022 PORSCHE TAYCAN,https://www.sahibinden.com/ilan/vasita-otomobil-porsche-dogus-oto-kartal-2022-porsche-taycan-1324598556/detay
131,56.5,4S,2020,92000,6650000,0.6,0.0,0,0,5,Yes,No,0.0,0.0,0.0,0.0,PB Plus (93.4 kWh),Galeriden,Hayır,15333,0.556,0.489,1.0,0.0,0.1,1.0,5.0,0.0,0.0,"6,650,000 (21 Jun 26)",,1323469289,-ARD-2020 TAYCAN 4S PERFORMANCE PLUS 92.000km HATASIZ İÇ TRÜF,https://www.sahibinden.com/ilan/vasita-otomobil-porsche-ard-2020-taycan-4s-performance-plus-92.000km-hatasiz-ic-truf-1323469289/detay
132,56.4,4S,2021,44000,7950000,6.8,0.0,0,2,25,Yes,Yes,0.0,0.0,0.0,35.0,PB Plus (93.4 kWh),Galeriden,Hayır,8800,-0.173,0.707,1.0,0.614,0.25,1.0,5.0,3.0,0.0,"7,800,000 (01 Jun 26) -> 7,950,000 (09 Jun 26)",,1317856474,AYDEMİR CAR'DAN 2021 P.PLUS/ YOLCU EK. / SOĞUTMA /ARKA AKS/ BOSE,https://www.sahibinden.com/ilan/vasita-otomobil-porsche-aydemir-car-dan-2021-p.plus-yolcu-ek-sogutma-arka-aks-bose-1317856474/detay
133,56.2,GTS,2023,42500,11735000,26.6,8.0,1,2,53,Yes,Yes,0.0,0.0,0.0,0.0,PB Plus (93.4 kWh),Galeriden,Hayır,14167,-0.415,0.528,1.0,0.0,0.6,1.1,5.0,3.0,0.0,"12,750,000 (04 May 26) -> 11,735,000 (01 Jun 26)",,1311525507,ZENN MOTORS'TAN 2023 PORSCHE TAYCAN GTS HATASIZ BAYİ,https://www.sahibinden.com/ilan/vasita-otomobil-porsche-zenn-motors-tan-2023-porsche-taycan-gts-hatasiz-bayi-1311525507/detay
134,56.0,Turbo,2022,71000,8399000,41.4,0.0,2,9,139,Yes,Yes,0.0,0.0,0.0,0.0,PB Plus (93.4 kWh),Galeriden,Hayır,17750,-0.0,0.408,1.0,0.0,0.4,1.05,5.0,3.0,0.0,"8,150,000 (07 Feb 26) -> 8,099,000 (01 Mar 26) -> 7,900,000 (17 Mar 26) -> 8,099,000 (04 May 26) -> 8,399,000 (09 Jun 26)",,1269079264,2022/BAYİİ/­PERFORMANS PLUS/CHRONO/AİR/B­OSE/SOĞUTMA/2028 GARANTİ,https://www.sahibinden.com/ilan/vasita-otomobil-porsche-2022-bayii-performans-plus-chrono-air-bose-sogutma-2028-garanti-1269079264/detay
135,55.9,4S,2022,94000,8050000,23.4,0.0,0,4,139,No,No,0.0,1.0,0.0,0.0,PB Plus (93.4 kWh),Galeriden,Hayır,23500,0.793,0.217,0.875,0.0,0.4,1.0,0.0,0.0,0.0,"7,690,000 (07 Feb 26) -> 8,050,000 (01 Mar 26)",,1153564962,ÇETİNLER''DEN 2022 PORSCHE TAYCAN 4S PERFORMANCE PLUS 571 BG,https://www.sahibinden.com/ilan/vasita-otomobil-porsche-cetinler-den-2022-porsche-taycan-4s-performance-plus-571-bg-1153564962/detay
136,55.8,4S,2023,39461,10100000,11.9,2.7,1,1,15,Yes,Yes,0.0,0.0,0.0,0.0,PB (79.2 kWh),Galeriden,Hayır,13154,-0.19,0.562,1.0,0.0,0.6,1.0,5.0,3.0,0.0,"10,375,000 (11 Jun 26) -> 10,100,000 (25 Jun 26)",,1321468698,ALKAN AŞ 2023 BAYİ PORSCHE TAYCAN 4S PERF.PLS-BOSE -SOĞUTMA-HTSZ,https://www.sahibinden.com/ilan/vasita-otomobil-porsche-alkan-as-2023-bayi-porsche-taycan-4s-perf.pls-bose-sogutma-htsz-1321468698/detay
137,55.7,Turbo S,2020,21500,9150000,3.9,0.0,0,1,17,Yes,No,0.0,0.0,0.0,0.0,PB Plus (93.4 kWh),Galeriden,Hayır,3583,-0.039,0.881,1.0,0.0,0.1,1.08,5.0,0.0,0.0,"9,150,000 (09 Jun 26)",,1321388054,PORSCHE TAYCAN TURBO S 761HP HATASIZ 21BİN KM'DE,https://www.sahibinden.com/ilan/vasita-otomobil-porsche-porsche-taycan-turbo-s-761hp-hatasiz-21bin-km-de-1321388054/detay
138,55.4,4S,2022,38000,8600000,31.4,0.0,0,8,139,No,Yes,0.0,1.0,0.0,47.0,PB Plus (93.4 kWh),Galeriden,Hayır,9500,-0.091,0.683,0.875,0.825,0.4,1.0,0.0,3.0,0.0,"8,600,000 (07 Feb 26)",,1298300290,PEUGEOT BAYKARALAR 2022 TAYCAN 4S PERFORMANCE PLUS*BAYİ,https://www.sahibinden.com/ilan/vasita-otomobil-porsche-peugeot-baykaralar-2022-taycan-4s-performance-plus-bayi-1298300290/detay
139,55.1,4S,2020,81000,6750000,1.0,0.0,0,0,9,Yes,No,0.0,0.0,0.0,0.0,PB Plus (93.4 kWh),Galeriden,Hayır,13500,0.428,0.55,1.0,0.0,0.1,1.0,5.0,0.0,0.0,"6,750,000 (17 Jun 26)",,1322048062,_OMEGA_ 2020 TAYCAN 4S PP ARKAAKS+MISSI­ONJNT+DISTRNC,https://www.sahibinden.com/ilan/vasita-otomobil-porsche-omega-2020-taycan-4s-pp-arkaaks-plusmissionjnt-plusdistrnc-1322048062/detay
140,54.9,Taycan,2020,93000,6650000,0.1,0.0,0,0,1,Yes,No,0.0,0.0,0.0,0.0,PB Plus (93.4 kWh),Galeriden,Hayır,15500,0.635,0.483,1.0,0.0,0.1,0.95,5.0,0.0,0.0,"6,650,000 (25 Jun 26)",,1324313650,ARISOY'DAN 2020 PORSCHE TAYCAN ELEKTRİK HATASIZ 93.000 KM !!!,https://www.sahibinden.com/ilan/vasita-otomobil-porsche-arisoy-dan-2020-porsche-taycan-elektrik-hatasiz-93.000-km-1324313650/detay
141,54.7,4S,2020,90000,6850000,31.7,5.5,1,3,116,Yes,Yes,0.0,0.0,0.0,0.0,PB Plus (93.4 kWh),Galeriden,Hayır,15000,0.3,0.5,1.0,0.0,0.1,1.0,5.0,3.0,0.0,"7,250,000 (02 Mar 26) -> 6,850,000 (17 May 26)",,1145595835,REFORM MOTORS 2020 TAYCAN 4S PERF.PLUS BAYİİ AİRMATİC+YOLC.EKRN.,https://www.sahibinden.com/ilan/vasita-otomobil-porsche-reform-motors-2020-taycan-4s-perf.plus-bayii-airmatic-plusyolc.ekrn-1145595835/detay
142,54.7,Turbo S,2020,17100,9100000,29.4,0.0,0,7,139,No,No,0.0,1.0,0.0,32.0,PB Plus (93.4 kWh),Galeriden,Hayır,2850,0.004,0.905,0.875,0.561,0.1,1.08,0.0,0.0,0.0,"9,100,000 (07 Feb 26)",,1297395873,SAYLAY MOTORS TAYCAN TURBO S 18.000 KM HATASIZ 761HP,https://www.sahibinden.com/ilan/vasita-otomobil-porsche-saylay-motors-taycan-turbo-s-18.000-km-hatasiz-761hp-1297395873/detay
143,54.6,GTS,2022,26000,12300000,27.0,0.0,0,7,117,Yes,Yes,0.0,0.0,0.0,30.0,PB Plus (93.4 kWh),Galeriden,Hayır,6500,-0.707,0.783,1.0,0.526,0.4,1.1,5.0,3.0,0.0,"12,300,000 (01 Mar 26)",,1302356709,BOYASIZ/26.000 KM/2022 TAYCAN GTS/21 JANT/HEAD UP/SOĞUTMA/VAKUUM,https://www.sahibinden.com/ilan/vasita-otomobil-porsche-boyasiz-26.000-km-2022-taycan-gts-21-jant-head-up-sogutma-vakuum-1302356709/detay
144,54.5,Turbo,2024,8000,16300000,65.4,17.5,2,7,139,Yes,Yes,0.0,0.0,0.0,0.0,PB Plus (105 kWh),Galeriden,Hayır,4000,-1.042,0.867,1.0,0.0,1.0,1.05,5.0,3.0,0.0,"19,750,000 (07 Feb 26) -> 16,750,000 (09 Jun 26) -> 16,300,000 (25 Jun 26)",,1295988689,YENİKÖY MOTORS 2024 PORSCHE TAYCAN TURBO-AKS-SOĞU­TMA-884HP-BAYİ,https://www.sahibinden.com/ilan/vasita-otomobil-porsche-yenikoy-motors-2024-porsche-taycan-turbo-aks-sogutma-884hp-bayi-1295988689/detay
145,54.5,Turbo,2020,15000,8175000,33.4,0.0,0,9,139,Yes,No,0.0,0.0,0.0,0.0,PB Plus (93.4 kWh),Galeriden,Hayır,2500,-0.041,0.917,1.0,0.0,0.1,1.05,5.0,0.0,0.0,"8,175,000 (07 Feb 26)",,1050985527,YENİKÖY MOTORS 2020 PORSCHE TAYCAN TURBO - PDCC -MASAJ-DISTRONIC,https://www.sahibinden.com/ilan/vasita-otomobil-porsche-yenikoy-motors-2020-porsche-taycan-turbo-pdcc-masaj-distronic-1050985527/detay
146,54.5,4S,2020,24000,7400000,16.7,2.6,1,2,40,Yes,Yes,0.0,0.0,0.0,57.0,PB Plus (93.4 kWh),Galeriden,Hayır,4000,-0.406,0.867,1.0,1.0,0.1,1.0,5.0,3.0,0.0,"7,450,000 (17 May 26) -> 7,600,000 (01 Jun 26) -> 7,400,000 (17 Jun 26)",,1316523986,24.000KM-HA­TASIZ/ARKA AKS/SOĞTMA/3­60KMR/MATRX FAR/AİR/YOLCU EKRN,https://www.sahibinden.com/ilan/vasita-otomobil-porsche-24.000km-hatasiz-arka-aks-sogtma-360kmr-matrx-far-air-yolcu-ekrn-1316523986/detay
147,54.5,4S,2020,63000,7000000,37.0,11.9,4,0,17,Yes,No,0.0,0.0,0.0,30.0,PB (79.2 kWh),Sahibinden,Hayır,10500,0.107,0.65,1.0,0.526,0.1,1.0,5.0,0.0,0.0,"7,950,000 (09 Jun 26) -> 7,600,000 (17 Jun 26) -> 7,500,000 (21 Jun 26) -> 7,150,000 (25 Jun 26) -> 7,000,000 (26 Jun 26)",,1311520836,PAZARLIKSIZZZZ,https://www.sahibinden.com/ilan/vasita-otomobil-porsche-pazarliksizzzz-1311520836/detay
148,54.1,Taycan,2021,99607,6750000,3.9,0.0,0,1,17,No,Yes,1.0,0.0,0.0,49.0,PB Plus (93.4 kWh),Sahibinden,Hayır,19921,0.525,0.336,0.75,0.86,0.25,0.95,0.0,3.0,0.0,"6,750,000 (09 Jun 26)",,1320764187,İLK SAHİBİNDEN BAYİİ ÇIKIŞLI GARANTİSİ DEVAM EDEN PORSCHE TAYCAN,https://www.sahibinden.com/ilan/vasita-otomobil-porsche-ilk-sahibinden-bayii-cikisli-garantisi-devam-eden-porsche-taycan-1320764187/detay
149,54.0,4S,2020,69970,6950000,5.1,0.4,1,0,5,Yes,Yes,0.0,0.0,0.0,0.0,PB Plus (93.4 kWh),Sahibinden,Hayır,11662,0.171,0.611,1.0,0.0,0.1,1.0,5.0,3.0,0.0,"6,975,000 (21 Jun 26) -> 6,950,000 (25 Jun 26)",,1322965297,SAHIBINDEN TEMIZ HASARSIZ TRAMERSIZ TAYCAN 4S PERF. PLUS,https://www.sahibinden.com/ilan/vasita-otomobil-porsche-sahibinden-temiz-hasarsiz-tramersiz-taycan-4s-perf-plus-1322965297/detay
150,53.8,4S,2020,81000,7050000,9.9,0.7,1,1,25,Yes,No,0.0,0.0,0.0,45.0,PB Plus (93.4 kWh),Galeriden,Hayır,13500,0.043,0.55,1.0,0.789,0.1,1.0,5.0,0.0,0.0,"7,100,000 (01 Jun 26) -> 7,050,000 (21 Jun 26)",,1318372914,|TURA| 2020 BOYASIZ 571HP/KIRMIZID­ERİ-HEAD-UP-Aİ­RMATİC-SOGUTMA,https://www.sahibinden.com/ilan/vasita-otomobil-porsche-tura-2020-boyasiz-571hp-kirmizideri-head-up-airmatic-sogutma-1318372914/detay
151,53.7,4S,2020,43000,6750000,0.1,0.0,0,0,1,No,No,1.0,0.0,0.0,30.0,PB (79.2 kWh),Galeriden,Hayır,7167,0.428,0.761,0.75,0.526,0.1,1.0,0.0,0.0,0.0,"6,750,000 (25 Jun 26)",,1267196261,GAZİ 2020 TAYCAN 4S PERFORMANCE 43BİNKM İÇİ KIRMIZI TAMDOLU,https://www.sahibinden.com/ilan/vasita-otomobil-porsche-gazi-2020-taycan-4s-performance-43binkm-ici-kirmizi-tamdolu-1267196261/detay
152,53.5,Turbo S,2021,6150,12500000,39.4,0.0,2,8,139,Yes,Yes,0.0,0.0,0.0,0.0,PB Plus (93.4 kWh),Galeriden,Hayır,1230,-0.497,0.959,1.0,0.0,0.25,1.08,5.0,3.0,0.0,"11,900,000 (07 Feb 26) -> 12,500,000 (01 Apr 26) -> 11,900,000 (15 Apr 26) -> 12,500,000 (17 May 26) -> 11,900,000 (17 Jun 26) -> 12,500,000 (25 Jun 26)",,1273775102,EROĞLU / BAYİ / CARBON BODY KİT -ARKA AKS- TAYCAN TURBO S,https://www.sahibinden.com/ilan/vasita-otomobil-porsche-eroglu-bayi-carbon-body-kit-arka-aks-taycan-turbo-s-1273775102/detay
153,53.4,Turbo S,2020,36300,9200000,13.9,0.0,1,2,53,Yes,No,0.0,0.0,0.0,0.0,PB Plus (93.4 kWh),Galeriden,Hayır,6050,-0.081,0.798,1.0,0.0,0.1,1.08,5.0,0.0,0.0,"8,850,000 (04 May 26) -> 8,550,000 (09 Jun 26) -> 9,200,000 (11 Jun 26)",,1315037617,2020 Porsche Taycan TURBO S HATASIZ FULL + FULL ORJ CARBON,https://www.sahibinden.com/ilan/vasita-otomobil-porsche-2020-porsche-taycan-turbo-s-hatasiz-full-plus-full-orj-carbon-1315037617/detay
154,52.9,4S,2024,32000,13750000,1.9,0.0,0,0,17,Yes,Yes,0.0,0.0,0.0,42.0,PB Plus (105 kWh),Galeriden,Hayır,16000,-0.968,0.467,1.0,0.737,1.0,1.0,5.0,3.0,0.0,"13,750,000 (09 Jun 26)",,1320590704,BAYİ! 2024 YENİ KASA 4SPP PORSCHE TAYCAN ARKA AKS FULL,https://www.sahibinden.com/ilan/vasita-otomobil-porsche-bayi-2024-yeni-kasa-4spp-porsche-taycan-arka-aks-full-1320590704/detay
155,52.2,4S,2021,41000,7799000,8.4,0.0,0,2,40,Yes,No,0.0,0.0,0.0,0.0,PB Plus (93.4 kWh),Galeriden,Hayır,8200,-0.014,0.727,1.0,0.0,0.25,1.0,5.0,0.0,0.0,"7,799,000 (17 May 26)",,1316625545,2021/BOSE/KOLTK ISITMA&SOĞUTMA/DRKS ISITMA/360/YOLCU EKRAN/HATAS,https://www.sahibinden.com/ilan/vasita-otomobil-porsche-2021-bose-koltk-isitma-sogutma-drks-isitma-360-yolcu-ekran-hatas-1316625545/detay
156,51.9,Taycan,2025,10000,13950000,4.8,0.0,0,1,25,Yes,Yes,0.0,0.0,0.0,32.0,PB (89 kWh),Galeriden,Hayır,10000,-0.962,0.667,1.0,0.561,1.0,0.95,5.0,3.0,0.0,"13,950,000 (01 Jun 26)",,1317232594,BİNİCİ GRUP FARKIYLA 2025 PORSCHE TAYCAN 4 BAYİ ORJİNAL,https://www.sahibinden.com/ilan/vasita-otomobil-porsche-binici-grup-farkiyla-2025-porsche-taycan-4-bayi-orjinal-1317232594/detay
157,51.5,Turbo S,2020,14000,9850000,35.4,0.0,1,8,139,Yes,Yes,0.0,0.0,0.0,32.0,PB Plus (93.4 kWh),Galeriden,Hayır,2333,-0.639,0.922,1.0,0.561,0.1,1.08,5.0,3.0,0.0,"9,150,000 (07 Feb 26) -> 8,950,000 (17 Mar 26) -> 9,150,000 (04 May 26) -> 9,250,000 (01 Jun 26) -> 9,850,000 (21 Jun 26)",,1265739722,BAYİİ//14.0­00KM//ARKA AKS//BUZ MAVİ FAR//SERAMİK FREN//RACE TEXT,https://www.sahibinden.com/ilan/vasita-otomobil-porsche-bayii-14.000km-arka-aks-buz-mavi-far-seramik-fren-race-text-1265739722/detay
158,51.3,Taycan,2022,86000,7290000,0.6,0.0,0,0,5,Yes,Yes,0.0,0.0,0.0,0.0,PB Plus (93.4 kWh),Sahibinden,Hayır,21500,0.129,0.283,1.0,0.0,0.4,0.95,5.0,3.0,0.0,"7,290,000 (21 Jun 26)",,1322978704,PORSCHE TAYCAN 2022/BAYİİ/­PERFORMANS PLUS/CHRONO/­AİR/BOSE/476 HP,https://www.sahibinden.com/ilan/vasita-otomobil-porsche-porsche-taycan-2022-bayii-performans-plus-chrono-air-bose-476-hp-1322978704/detay
159,51.2,4S,2021,50000,7950000,21.2,0.0,0,5,101,Yes,Yes,0.0,0.0,0.0,0.0,PB Plus (93.4 kWh),Galeriden,Hayır,10000,-0.173,0.667,1.0,0.0,0.25,1.0,5.0,3.0,0.0,"7,950,000 (17 Mar 26)",,1303710677,PORSCHE TAYCAN 4S PERFORMANCE PLUS-BAYİ-B­OYASIZ-CAM TAVAN-CHRONO,https://www.sahibinden.com/ilan/vasita-otomobil-porsche-porsche-taycan-4s-performance-plus-bayi-boyasiz-cam-tavan-chrono-1303710677/detay
160,51.1,4S,2020,92000,6995000,1.0,0.0,0,0,9,Yes,Yes,0.0,0.0,0.0,0.0,PB Plus (93.4 kWh),Galeriden,Hayır,15333,0.114,0.489,1.0,0.0,0.1,1.0,5.0,3.0,0.0,"6,995,000 (17 Jun 26)",,1322035166,UMAY'S AUTODAN HATASIZ 2020 PORSCHE TAYCAN 4S PERFORMANCE BAYİ,https://www.sahibinden.com/ilan/vasita-otomobil-porsche-umay-s-autodan-hatasiz-2020-porsche-taycan-4s-performance-bayi-1322035166/detay
161,51.0,4S,2020,63000,7100000,13.0,1.4,1,2,25,Yes,Yes,0.0,0.0,0.0,0.0,PB Plus (93.4 kWh),Galeriden,Hayır,10500,-0.021,0.65,1.0,0.0,0.1,1.0,5.0,3.0,0.0,"7,200,000 (01 Jun 26) -> 7,100,000 (09 Jun 26)",,1317812352,CELEPLER'DEN HATASIZ BAYİİ TAYCAN 4S P.PLUS- 65BİN KM-BOSE-CHRON,https://www.sahibinden.com/ilan/vasita-otomobil-porsche-celepler-den-hatasiz-bayii-taycan-4s-p.plus-65bin-km-bose-chron-1317812352/detay
162,50.5,4S,2020,81000,7100000,12.0,0.0,0,2,72,Yes,No,0.0,0.0,0.0,30.0,PB (79.2 kWh),Galeriden,Hayır,13500,-0.021,0.55,1.0,0.526,0.1,1.0,5.0,0.0,0.0,"7,100,000 (15 Apr 26)",,1311077164,2020/ PORSCHE TAYCAN 4S/ BOSE+360°+I­SITMA+81BİN KM+HAFIZA,https://www.sahibinden.com/ilan/vasita-otomobil-porsche-2020-porsche-taycan-4s-bose-plus360-plusisitma-plus81bin-km-plushafiza-1311077164/detay
163,50.4,4S,2020,54500,7150000,1.9,0.0,0,0,17,Yes,Yes,0.0,0.0,0.0,0.0,PB Plus (93.4 kWh),Galeriden,Hayır,9083,-0.085,0.697,1.0,0.0,0.1,1.0,5.0,3.0,0.0,"7,150,000 (09 Jun 26)",,1319968323,AHK'DAN 2020 Taycan 4S Performans PLUS Gece Görüş İçi Trüf,https://www.sahibinden.com/ilan/vasita-otomobil-porsche-ahk-dan-2020-taycan-4s-performans-plus-gece-gorus-ici-truf-1319968323/detay
164,50.1,Taycan,2020,92000,6950000,0.1,0.0,0,0,1,Yes,No,0.0,0.0,0.0,0.0,PB Plus (93.4 kWh),Sahibinden,Hayır,15333,0.36,0.489,1.0,0.0,0.1,0.95,5.0,0.0,0.0,"6,950,000 (25 Jun 26)",,1324588310,SAHİBİNDEN EMSALSİZ RENK TAYCAN,https://www.sahibinden.com/ilan/vasita-otomobil-porsche-sahibinden-emsalsiz-renk-taycan-1324588310/detay
165,50.0,4S,2021,52500,8195000,26.3,6.5,2,1,53,Yes,Yes,0.0,0.0,0.0,30.0,PB (79.2 kWh),Galeriden,Hayır,10500,-0.431,0.65,1.0,0.526,0.25,1.0,5.0,3.0,0.0,"8,765,000 (04 May 26) -> 8,595,000 (09 Jun 26) -> 8,195,000 (25 Jun 26)",,1313376470,| UNIQ AUTO | 2021 TAYCAN 4S PP 22''AIR MATIC GARANTİ BAYİ BYSZ,https://www.sahibinden.com/ilan/vasita-otomobil-porsche-uniq-auto-2021-taycan-4s-pp-22-air-matic-garanti-bayi-bysz-1313376470/detay
166,49.8,4S,2020,100000,6550000,15.8,4.4,1,1,25,No,No,0.0,2.0,0.0,0.0,PB Plus (93.4 kWh),Galeriden,Hayır,16667,0.684,0.444,0.75,0.0,0.1,1.0,0.0,0.0,0.0,"6,850,000 (01 Jun 26) -> 6,550,000 (17 Jun 26)",,1318946656,2020 PORSCHE TAYCAN 4S PERFORMANCE PLUS 571HP İÇİ KAHVE ARKA AKS,https://www.sahibinden.com/ilan/vasita-otomobil-porsche-2020-porsche-taycan-4s-performance-plus-571hp-ici-kahve-arka-aks-1318946656/detay
167,49.2,4S,2024,11000,13950000,1.7,0.0,0,0,15,Yes,Yes,0.0,0.0,0.0,0.0,PB Plus (105 kWh),Galeriden,Hayır,5500,-1.149,0.817,1.0,0.0,1.0,1.0,5.0,3.0,0.0,"13,950,000 (11 Jun 26)",,1321723717,ÖZTÜRK GROUP HATASIZ BOYASIZ ÖZEL SİPARİŞ,https://www.sahibinden.com/ilan/vasita-otomobil-porsche-ozturk-group-hatasiz-boyasiz-ozel-siparis-1321723717/detay
168,48.9,4S,2023,23000,10900000,1.0,0.0,0,0,9,Yes,Yes,0.0,0.0,0.0,49.0,PB Plus (93.4 kWh),Galeriden,Hayır,7667,-1.05,0.744,1.0,0.86,0.6,1.0,5.0,3.0,0.0,"10,900,000 (17 Jun 26)",,1322776384,SİYAH'TAN BOYASIZ 2023 TAYCAN 4S PERFORMANCE PLUS BAYİ,https://www.sahibinden.com/ilan/vasita-otomobil-porsche-siyah-tan-boyasiz-2023-taycan-4s-performance-plus-bayi-1322776384/detay
169,47.6,Turbo,2020,47000,8900000,25.4,0.0,0,5,139,Yes,Yes,0.0,0.0,0.0,31.0,PB Plus (93.4 kWh),Galeriden,Hayır,7833,-0.609,0.739,1.0,0.544,0.1,1.05,5.0,3.0,0.0,"8,900,000 (07 Feb 26)",,1051733437,DOĞUŞ GARANTİLİ 2020 TAYCAN TURBO-GECE GRŞ-PDCC-BR­MSTR-AIRMTC,https://www.sahibinden.com/ilan/vasita-otomobil-porsche-dogus-garantili-2020-taycan-turbo-gece-grs-pdcc-brmstr-airmtc-1051733437/detay
170,47.5,Turbo,2021,9800,8900000,26.3,0.6,1,3,139,Yes,Yes,0.0,0.0,0.0,0.0,PB Plus (93.4 kWh),Galeriden,Hayır,1960,-0.707,0.935,1.0,0.0,0.25,1.05,5.0,3.0,0.0,"8,950,000 (07 Feb 26) -> 8,900,000 (01 Jun 26)",,1278730211,BARAN MOTORS 2021 TAYCAN TURBO BAYİİ AKS SOĞUTMA YAN YOLCU,https://www.sahibinden.com/ilan/vasita-otomobil-porsche-baran-motors-2021-taycan-turbo-bayii-aks-sogutma-yan-yolcu-1278730211/detay
171,47.4,4S,2020,69000,7000000,14.4,0.0,1,0,94,No,No,0.0,1.0,0.0,30.0,PB (79.2 kWh),Sahibinden,Hayır,11500,0.107,0.617,0.875,0.526,0.1,1.0,0.0,0.0,0.0,"6,750,000 (24 Mar 26) -> 6,600,000 (26 Mar 26) -> 7,000,000 (25 Jun 26)",,1306019124,SAHİBİNDEN UZUN MENZİLLİ BLACK EDİTİON TAYCAN 4S,https://www.sahibinden.com/ilan/vasita-otomobil-porsche-sahibinden-uzun-menzilli-black-edition-taycan-4s-1306019124/detay
172,47.3,Turbo,2020,42000,7200000,17.2,0.0,0,3,101,No,No,1.0,6.0,0.0,4.0,PB Plus (93.4 kWh),Galeriden,Hayır,7000,0.723,0.767,0.0,0.07,0.1,1.05,0.0,0.0,0.0,"7,200,000 (17 Mar 26)",,1303672327,2020 MODEL PORSCHE TAYCAN TURBO DÜŞÜK KM BAKIMLI,https://www.sahibinden.com/ilan/vasita-otomobil-porsche-2020-model-porsche-taycan-turbo-dusuk-km-bakimli-1303672327/detay
173,46.9,4S,2021,19000,7985000,3.9,0.0,0,1,17,No,Yes,0.0,1.0,0.0,0.0,PB Plus (93.4 kWh),Galeriden,Hayır,3800,-0.21,0.873,0.875,0.0,0.25,1.0,0.0,3.0,0.0,"7,955,000 (09 Jun 26) -> 7,985,000 (25 Jun 26)",,1321334864,2021 BAYİ TAYCAN 4S PERFORMANCE PLUS 19.000 KM MOKKA+CHRONO+BOSE,https://www.sahibinden.com/ilan/vasita-otomobil-porsche-2021-bayi-taycan-4s-performance-plus-19.000-km-mokka-pluschrono-plusbose-1321334864/detay
174,46.9,4S,2020,63000,7150000,20.1,1.4,1,4,53,Yes,No,0.0,0.0,0.0,0.0,PB Plus (93.4 kWh),Galeriden,Hayır,10500,-0.085,0.65,1.0,0.0,0.1,1.0,5.0,0.0,0.0,"7,250,000 (04 May 26) -> 7,150,000 (09 Jun 26)",,1312288697,2020 PORSCHE TAYCAN | 4S PERFORMANCE PLUS | AKS | YOLCU EKRANI,https://www.sahibinden.com/ilan/vasita-otomobil-porsche-2020-porsche-taycan-4s-performance-plus-aks-yolcu-ekrani-1312288697/detay
175,46.6,4S,2020,105000,7080000,1.0,0.0,0,0,9,Yes,No,0.0,0.0,0.0,12.0,PB Plus (93.4 kWh),Sahibinden,Hayır,17500,0.005,0.417,1.0,0.211,0.1,1.0,5.0,0.0,0.0,"7,080,000 (17 Jun 26)",,1321877531,HATASIZ BOYASIZ TRAMERSİZ 570HP 4S PERFORMANS PLUS SEDEFLİ BEYAZ,https://www.sahibinden.com/ilan/vasita-otomobil-porsche-hatasiz-boyasiz-tramersiz-570hp-4s-performans-plus-sedefli-beyaz-1321877531/detay
176,46.4,Turbo S,2020,6298,9750000,33.4,0.0,0,9,139,Yes,No,0.0,0.0,0.0,0.0,PB Plus (93.4 kWh),Galeriden,Hayır,1050,-0.553,0.965,1.0,0.0,0.1,1.08,5.0,0.0,0.0,"9,750,000 (07 Feb 26)",,1035408352,SS MOTORS 2020 PORSCHE TAYCAN TURBO S-YOLCU EKRANI-DISTRONIC-360,https://www.sahibinden.com/ilan/vasita-otomobil-porsche-ss-motors-2020-porsche-taycan-turbo-s-yolcu-ekrani-distronic-360-1035408352/detay
177,46.2,Taycan,2021,94000,7050000,25.4,0.0,0,5,139,Yes,No,0.0,0.0,0.0,0.0,PB (79.2 kWh),Galeriden,Hayır,18800,0.087,0.373,1.0,0.0,0.25,0.95,5.0,0.0,0.0,"7,050,000 (07 Feb 26)",,1193348431,ARSLANLAR'DAN 2021 TAYCAN İÇİ KIRMIZI/HEAD-­UP/YOLCU&ARKA EĞLENCE,https://www.sahibinden.com/ilan/vasita-otomobil-porsche-arslanlar-dan-2021-taycan-ici-kirmizi-head-up-yolcu-arka-eglence-1193348431/detay
178,46.0,Taycan,2021,67000,7400000,1.0,0.0,0,0,9,Yes,Yes,0.0,0.0,0.0,28.0,PB (79.2 kWh),Galeriden,Hayır,13400,-0.425,0.553,1.0,0.491,0.25,0.95,5.0,3.0,0.0,"7,400,000 (17 Jun 26)",,1322214272,21 MODEL TAYCAN BAYİ CAM TVN YOLCU EKRN AİRMATİC SOĞUTMA HATASIZ,https://www.sahibinden.com/ilan/vasita-otomobil-porsche-21-model-taycan-bayi-cam-tvn-yolcu-ekrn-airmatic-sogutma-hatasiz-1322214272/detay
179,45.9,4S,2020,75400,7150000,11.9,0.0,0,3,53,Yes,No,0.0,0.0,0.0,0.0,PB Plus (93.4 kWh),Galeriden,Hayır,12567,-0.085,0.581,1.0,0.0,0.1,1.0,5.0,0.0,0.0,"7,150,000 (04 May 26)",,1311267425,YENİKÖY MOTORS 2020 PORSCHE TAYCAN 4S PERFORMANCE PLUS,https://www.sahibinden.com/ilan/vasita-otomobil-porsche-yenikoy-motors-2020-porsche-taycan-4s-performance-plus-1311267425/detay
180,45.7,4S,2020,50000,7600000,0.1,0.0,0,0,1,Yes,Yes,0.0,0.0,0.0,43.0,PB (79.2 kWh),Galeriden,Hayır,8333,-0.663,0.722,1.0,0.754,0.1,1.0,5.0,3.0,0.0,"7,600,000 (25 Jun 26)",,1324279232,HATASIZ BOYASIZ BAYİ ÇIKIŞLI YOLCU EKRAN 21 JANT BAKIMLI,https://www.sahibinden.com/ilan/vasita-otomobil-porsche-hatasiz-boyasiz-bayi-cikisli-yolcu-ekran-21-jant-bakimli-1324279232/detay
181,45.6,4S,2024,25200,13950000,29.0,0.0,0,8,117,Yes,Yes,0.0,0.0,0.0,0.0,PB (89 kWh),Galeriden,Hayır,12600,-1.149,0.58,1.0,0.0,1.0,1.0,5.0,3.0,0.0,"10,750,000 (01 Mar 26) -> 12,250,000 (17 Mar 26) -> 13,500,000 (24 Mar 26) -> 13,950,000 (04 May 26)",,1242993562,OTOMOBİLCİ 2024 TAYCAN 4S HATASIZ BOYASIZ TRAMERSİZ BAYİ ÇIKIŞ,https://www.sahibinden.com/ilan/vasita-otomobil-porsche-otomobilci-2024-taycan-4s-hatasiz-boyasiz-tramersiz-bayi-cikis-1242993562/detay
182,45.4,4S,2020,51682,7250000,6.4,0.0,0,1,40,Yes,No,0.0,0.0,0.0,0.0,PB Plus (93.4 kWh),Galeriden,Hayır,8614,-0.214,0.713,1.0,0.0,0.1,1.0,5.0,0.0,0.0,"7,250,000 (17 May 26)",,1317067480,GARAGE 2020 PORSCHE TAYCAN 4S PERFORMANCE PLUS/HATASIZ,https://www.sahibinden.com/ilan/vasita-otomobil-porsche-garage-2020-porsche-taycan-4s-performance-plus-hatasiz-1317067480/detay
183,45.4,4S,2020,63797,7499000,6.8,0.0,0,2,25,Yes,Yes,0.0,0.0,0.0,31.0,PB Plus (93.4 kWh),Galeriden,Hayır,10633,-0.533,0.646,1.0,0.544,0.1,1.0,5.0,3.0,0.0,"7,499,000 (01 Jun 26)",,1317871184,2020 BAYİİ BOYASIZ GARANTİLİ BOSE Y.EKRANI AIRMATIC ARKA KLİMA,https://www.sahibinden.com/ilan/vasita-otomobil-porsche-2020-bayii-boyasiz-garantili-bose-y.ekrani-airmatic-arka-klima-1317871184/detay
184,45.1,4S,2020,31600,7450000,6.4,0.0,0,1,40,Yes,Yes,0.0,0.0,0.0,0.0,PB (79.2 kWh),Galeriden,Hayır,5267,-0.47,0.824,1.0,0.0,0.1,1.0,5.0,3.0,0.0,"7,450,000 (17 May 26)",,1317427655,2020 BAYİİ TAYCAN 4S PERFORMANCE AİRMATİC ISITMA SOĞUTMA BOSE,https://www.sahibinden.com/ilan/vasita-otomobil-porsche-2020-bayii-taycan-4s-performance-airmatic-isitma-sogutma-bose-1317427655/detay
185,44.8,Turbo,2020,29875,9000000,33.4,0.0,2,5,139,Yes,No,0.0,0.0,0.0,32.0,PB Plus (93.4 kWh),Sahibinden,Hayır,4979,-0.688,0.834,1.0,0.561,0.1,1.05,5.0,0.0,0.0,"8,250,000 (07 Feb 26) -> 8,150,000 (17 Mar 26) -> 8,050,000 (04 May 26) -> 8,500,000 (17 May 26) -> 9,000,000 (09 Jun 26)",,1296957942,Hatasız Turbo+Burmester­+PDCC+Full+Full 29bin km İçi Bordo,https://www.sahibinden.com/ilan/vasita-otomobil-porsche-hatasiz-turbo-plusburmester-pluspdcc-plusfull-plusfull-29bin-km-ici-bordo-1296957942/detay
186,44.7,4S,2021,73304,7490000,3.9,0.0,0,1,17,No,No,0.0,3.0,0.0,0.0,PB Plus (93.4 kWh),Galeriden,Hayır,14661,0.311,0.511,0.625,0.0,0.25,1.0,0.0,0.0,0.0,"7,490,000 (09 Jun 26)",,1320790216,*K.KARTINA 12 TAKSİT*_2021 PORSCHE TAYCAN 4S,https://www.sahibinden.com/ilan/vasita-otomobil-porsche-k.kartina-12-taksit-2021-porsche-taycan-4s-1320790216/detay
187,44.3,4S,2024,10329,13600000,1.0,0.0,0,0,9,No,Yes,1.0,0.0,0.0,31.0,PB Plus (105 kWh),Sahibinden,Hayır,5164,-0.833,0.828,0.75,0.544,1.0,1.0,0.0,3.0,7.0,"13,600,000 (17 Jun 26)",,1322423352,2024 model 2025 trafik çıkışlı PORSCHE TAYCAN 4S (598PS),https://www.sahibinden.com/ilan/vasita-otomobil-porsche-2024-model-2025-trafik-cikisli-porsche-taycan-4s-598ps-1322423352/detay
188,44.1,Taycan,2025,9500,14450000,17.1,2.0,1,2,53,Yes,Yes,0.0,0.0,0.0,32.0,PB (89 kWh),Galeriden,Hayır,9500,-1.419,0.683,1.0,0.561,1.0,0.95,5.0,3.0,0.0,"14,750,000 (04 May 26) -> 13,935,000 (01 Jun 26) -> 14,450,000 (17 Jun 26)",,1311501561,ZENN MOTORS'TAN 2025 PORSCHE TAYCAN 4 HATASIZ BAYİ,https://www.sahibinden.com/ilan/vasita-otomobil-porsche-zenn-motors-tan-2025-porsche-taycan-4-hatasiz-bayi-1311501561/detay
189,43.9,4S,2021,24500,8450000,43.1,11.1,1,3,139,Yes,Yes,0.0,0.0,0.0,0.0,PB Plus (93.4 kWh),Sahibinden,Hayır,4900,-0.699,0.837,1.0,0.0,0.25,1.0,5.0,3.0,0.0,"7,950,000 (07 Feb 26) -> 8,650,000 (17 Mar 26) -> 9,500,000 (01 Jun 26) -> 8,450,000 (17 Jun 26)",,1227537825,Porsche Taycan 4S Performance Plus | BAYİİ | 22 kW Şarj,https://www.sahibinden.com/ilan/vasita-otomobil-porsche-porsche-taycan-4s-performance-plus-bayii-22-kw-sarj-1227537825/detay
190,43.6,4S,2020,43000,7475000,25.4,0.0,0,5,139,Yes,Yes,0.0,0.0,0.0,0.0,PB Plus (93.4 kWh),Sahibinden,Hayır,7167,-0.502,0.761,1.0,0.0,0.1,1.0,5.0,3.0,0.0,"7,375,000 (07 Feb 26) -> 7,475,000 (15 Apr 26)",,1293388190,DOĞUŞ BAYİ- AİR- SOĞUTMA-Yolcu ekran,https://www.sahibinden.com/ilan/vasita-otomobil-porsche-dogus-bayi-air-sogutma-yolcu-ekran-1293388190/detay
191,42.8,4S,2020,45000,7380000,31.4,0.0,0,8,139,Yes,No,0.0,0.0,0.0,0.0,PB Plus (93.4 kWh),Galeriden,Hayır,7500,-0.38,0.75,1.0,0.0,0.1,1.0,5.0,0.0,0.0,"7,150,000 (07 Feb 26) -> 7,280,000 (17 May 26) -> 7,380,000 (01 Jun 26)",,1277022091,B'S MOTORS 4S PERFORMANCE PLUS BOSE-20 İNÇ-HAYALET-AİRMATİC,https://www.sahibinden.com/ilan/vasita-otomobil-porsche-b-s-motors-4s-performance-plus-bose-20-inc-hayalet-airmatic-1277022091/detay
192,42.1,4S,2023,25000,10900000,17.1,5.2,1,1,25,Yes,Yes,0.0,0.0,0.0,0.0,PB Plus (93.4 kWh),Galeriden,Hayır,8333,-1.05,0.722,1.0,0.0,0.6,1.0,5.0,3.0,0.0,"11,500,000 (01 Jun 26) -> 10,900,000 (17 Jun 26)",,1318354646,''ERN MOTORS''PORSHE TAYCAN 4S PERFORMANCE PLUS ARKA AKS BAYİ,https://www.sahibinden.com/ilan/vasita-otomobil-porsche-ern-motors-porshe-taycan-4s-performance-plus-arka-aks-bayi-1318354646/detay
193,41.8,Taycan,2023,19750,8600000,35.4,0.0,2,6,139,Yes,Yes,0.0,0.0,0.0,48.0,PB (79.2 kWh),Sahibinden,Hayır,6583,-1.333,0.781,1.0,0.842,0.6,0.95,5.0,3.0,0.0,"8,495,000 (07 Feb 26) -> 8,200,000 (01 Mar 26) -> 8,100,000 (01 Apr 26) -> 8,600,000 (01 Jun 26)",,1266303870,BAYİ//UZUN MENZİL//AİRMA­TİC//ADAPTİVE ŞASİ//HATASIZ,https://www.sahibinden.com/ilan/vasita-otomobil-porsche-bayi-uzun-menzil-airmatic-adaptive-sasi-hatasiz-1266303870/detay
194,41.6,GTS,2023,0,11950000,63.9,14.0,2,9,139,Yes,No,0.0,0.0,0.0,0.0,PB Plus (93.4 kWh),Galeriden,Hayır,0,-1.363,1.0,1.0,0.0,0.6,1.1,5.0,0.0,0.0,"13,900,000 (07 Feb 26) -> 12,950,000 (15 Apr 26) -> 11,950,000 (04 May 26)",,1250084582,BARAN MOTORS 2023 GTS SPORT DESIGN CARBON BOSE AKS MAGICSKY TVN,https://www.sahibinden.com/ilan/vasita-otomobil-porsche-baran-motors-2023-gts-sport-design-carbon-bose-aks-magicsky-tvn-1250084582/detay
195,40.7,Turbo,2020,77000,9000000,29.4,0.0,0,7,139,Yes,No,0.0,0.0,0.0,32.0,PB Plus (93.4 kWh),Galeriden,Hayır,12833,-0.688,0.572,1.0,0.561,0.1,1.05,5.0,0.0,0.0,"9,000,000 (07 Feb 26)",,1272750146,BARBOSS'DAN PORSCHE TAYCAN TURBO -ARKA AKS-GECE GÖRÜŞ-AIRMTC,https://www.sahibinden.com/ilan/vasita-otomobil-porsche-barboss-dan-porsche-taycan-turbo-arka-aks-gece-gorus-airmtc-1272750146/detay
196,40.7,Taycan,2020,59745,7850000,11.9,0.0,0,3,53,Yes,Yes,0.0,0.0,0.0,0.0,PB Plus (93.4 kWh),Galeriden,Hayır,9958,-0.465,0.668,1.0,0.0,0.1,0.95,5.0,3.0,0.0,"7,850,000 (04 May 26)",,1315005924,RÜZGAR_TAYCAN_PERFO­RMANCEPLUS_İÇİKIRMI­ZI_TAKAS_VADE_KREDİ,https://www.sahibinden.com/ilan/vasita-otomobil-porsche-ruzgar_taycan_performanceplus_icikirmizi_takas_vade_kredi-1315005924/detay
197,40.6,4S,2020,75000,7490000,37.4,0.0,1,9,139,Yes,Yes,0.0,0.0,0.0,0.0,PB Plus (93.4 kWh),Galeriden,Hayır,12500,-0.521,0.583,1.0,0.0,0.1,1.0,5.0,3.0,0.0,"6,950,000 (07 Feb 26) -> 6,940,000 (24 Mar 26) -> 7,490,000 (15 Apr 26)",,1288417572,2020 HATASIZ BOYASIZ PORSCHE TAYCAN 4S PERFORMANCE PLUS 571 HP,https://www.sahibinden.com/ilan/vasita-otomobil-porsche-2020-hatasiz-boyasiz-porsche-taycan-4s-performance-plus-571-hp-1288417572/detay
198,40.3,4S,2023,0,11250000,25.4,0.0,0,5,139,Yes,No,0.0,0.0,0.0,30.0,PB (79.2 kWh),Galeriden,Hayır,0,-1.427,1.0,1.0,0.526,0.6,1.0,5.0,0.0,0.0,"11,250,000 (07 Feb 26)",,1255840946,YENİKÖY MOTORS 2023 PORSCHE TAYCAN 4S PERFORMANCE PLUS - BOSE,https://www.sahibinden.com/ilan/vasita-otomobil-porsche-yenikoy-motors-2023-porsche-taycan-4s-performance-plus-bose-1255840946/detay
199,40.2,4S,2022,29750,9150000,11.7,4.4,1,0,5,Yes,Yes,0.0,0.0,0.0,0.0,PB Plus (93.4 kWh),Galeriden,Hayır,7438,-0.976,0.752,1.0,0.0,0.4,1.0,5.0,3.0,0.0,"9,575,000 (21 Jun 26) -> 9,150,000 (26 Jun 26)",,1323634056,SELÇUKLU OTOMOTİV KONYA BAYİ 21JNT HEADUP DİSTR. ARKA AKS CARBON,https://www.sahibinden.com/ilan/vasita-otomobil-porsche-selcuklu-otomotiv-konya-bayi-21jnt-headup-distr-arka-aks-carbon-1323634056/detay
200,39.3,Taycan,2021,59000,7750000,31.4,0.0,0,8,139,Yes,Yes,0.0,0.0,0.0,42.0,PB Plus (93.4 kWh),Galeriden,Hayır,11800,-0.937,0.607,1.0,0.737,0.25,0.95,5.0,3.0,0.0,"7,000,000 (07 Feb 26) -> 7,200,000 (17 Mar 26) -> 7,750,000 (01 Jun 26)",,1260364936,"""DEFCAR""2021 PORSCHE TAYCAN 476HP BAYİ+BOSE+YLCU EKRNI BOYASIZ",https://www.sahibinden.com/ilan/vasita-otomobil-porsche-defcar-2021-porsche-taycan-476hp-bayi-plusbose-plusylcu-ekrni-boyasiz-1260364936/detay
201,39.2,4S,2020,68500,7450000,27.4,0.0,0,6,139,Yes,No,0.0,0.0,0.0,0.0,PB Plus (93.4 kWh),Galeriden,Hayır,11417,-0.47,0.619,1.0,0.0,0.1,1.0,5.0,0.0,0.0,"7,450,000 (07 Feb 26)",,1068136411,CLK AUTO PORSCHE TAYCAN 4S PERFORMANCE PLUS YOLCU EKRANI-BOSE,https://www.sahibinden.com/ilan/vasita-otomobil-porsche-clk-auto-porsche-taycan-4s-performance-plus-yolcu-ekrani-bose-1068136411/detay
202,39.1,4S,2020,64000,7750000,1.7,0.0,0,0,15,Yes,Yes,0.0,0.0,0.0,30.0,PB Plus (93.4 kWh),Galeriden,Hayır,10667,-0.855,0.644,1.0,0.526,0.1,1.0,5.0,3.0,0.0,"7,750,000 (11 Jun 26)",,1321642229,AĞABEY MOTORS BAYİ 2020 PORSCHE TAYCAN 4S HATASIZ KM-64.000,https://www.sahibinden.com/ilan/vasita-otomobil-porsche-agabey-motors-bayi-2020-porsche-taycan-4s-hatasiz-km-64.000-1321642229/detay
203,38.7,4S,2020,61000,7750449,23.2,0.0,0,6,101,Yes,No,0.0,0.0,0.0,47.0,PB Plus (93.4 kWh),Galeriden,Hayır,10167,-0.856,0.661,1.0,0.825,0.1,1.0,5.0,0.0,0.0,"6,949,499 (17 Mar 26) -> 7,375,499 (15 Apr 26) -> 7,750,449 (21 Jun 26)",,1305190583,HAN CAR'S 2020 PORSCHE TAYCAN 4S P.PLUS A.AKS/Y.EKRA­N/CHRONO/AİR,https://www.sahibinden.com/ilan/vasita-otomobil-porsche-han-car-s-2020-porsche-taycan-4s-p.plus-a.aks-y.ekran-chrono-air-1305190583/detay
204,38.6,Turbo S,2020,49000,10500000,30.7,4.5,1,2,139,Yes,Yes,0.0,0.0,0.0,43.0,PB Plus (93.4 kWh),Sahibinden,Hayır,8167,-1.196,0.728,1.0,0.754,0.1,1.08,5.0,3.0,0.0,"11,000,000 (07 Feb 26) -> 10,500,000 (09 Jun 26)",,1104474154,TAYCAN TURBO S %20 KDV,https://www.sahibinden.com/ilan/vasita-otomobil-porsche-taycan-turbo-s-20-kdv-1104474154/detay
205,38.4,Taycan,2021,11000,7990000,12.0,0.0,0,2,72,Yes,Yes,0.0,0.0,0.0,47.0,PB Plus (93.4 kWh),Galeriden,Hayır,2200,-1.288,0.927,1.0,0.825,0.25,0.95,5.0,3.0,0.0,"7,800,000 (15 Apr 26) -> 7,990,000 (17 Jun 26)",,1311063605,İhsanın Garajı/2021/TAYCAN/­BOYASIZ/PERF.BATAR­YA/476HP/AİRMA/BAYİ,https://www.sahibinden.com/ilan/vasita-otomobil-porsche-ihsanin-garaji-2021-taycan-boyasiz-perf.batarya-476hp-airma-bayi-1311063605/detay
206,38.3,4S,2021,6001,9050000,25.6,5.7,2,2,40,Yes,Yes,0.0,0.0,0.0,34.0,PB Plus (93.4 kWh),Galeriden,Hayır,1200,-1.331,0.96,1.0,0.596,0.25,1.0,5.0,3.0,0.0,"9,600,000 (17 May 26) -> 9,100,000 (09 Jun 26) -> 9,050,000 (17 Jun 26)",,1316932530,"""""GARDEN""""2021 BAYİ SİYAH/DERİ İÇ MEKAN KIRMIZI FREN.K",https://www.sahibinden.com/ilan/vasita-otomobil-porsche-garden-2021-bayi-siyah-deri-ic-mekan-kirmizi-fren.k-1316932530/detay
207,38.2,Taycan,2021,107000,7500000,10.0,0.0,0,1,72,Yes,No,0.0,0.0,0.0,40.0,PB (79.2 kWh),Sahibinden,Hayır,21400,-0.571,0.287,1.0,0.702,0.25,0.95,5.0,0.0,0.0,"7,000,000 (15 Apr 26) -> 7,500,000 (01 Jun 26)",,1310840360,Porsche Taycan 2022 trafiğe çıkış hatasız boyasız değişensiz,https://www.sahibinden.com/ilan/vasita-otomobil-porsche-porsche-taycan-2022-trafige-cikis-hatasiz-boyasiz-degisensiz-1310840360/detay
208,37.1,4S,2022,6001,9350000,28.0,4.1,1,1,139,Yes,Yes,0.0,0.0,0.0,0.0,PB Plus (93.4 kWh),Sahibinden,Hayır,1500,-1.298,0.95,1.0,0.0,0.4,1.0,5.0,3.0,0.0,"9,750,000 (07 Feb 26) -> 9,350,000 (17 Jun 26)",,1265560819,SAHİBİNDEN 2023 Bayi Çıkışlı Taycan 4S Performans Plus,https://www.sahibinden.com/ilan/vasita-otomobil-porsche-sahibinden-2023-bayi-cikisli-taycan-4s-performans-plus-1265560819/detay
209,36.6,4S,2020,75376,7300000,13.3,5.2,1,0,9,No,Yes,0.0,2.0,0.0,0.0,PB (79.2 kWh),Galeriden,Hayır,12563,-0.278,0.581,0.75,0.0,0.1,1.0,0.0,3.0,0.0,"7,700,000 (17 Jun 26) -> 7,300,000 (25 Jun 26)",,1321959223,ALKAN AŞ 2020 BAYİ PORSCHE TAYCAN 4S PERF.PLS-BOSE-ISITMA,https://www.sahibinden.com/ilan/vasita-otomobil-porsche-alkan-as-2020-bayi-porsche-taycan-4s-perf.pls-bose-isitma-1321959223/detay
210,36.4,4S,2023,0,11250000,33.4,0.0,0,9,139,Yes,No,0.0,0.0,0.0,0.0,PB (79.2 kWh),Galeriden,Hayır,0,-1.427,1.0,1.0,0.0,0.6,1.0,5.0,0.0,0.0,"11,250,000 (07 Feb 26)",,1297479426,YENİKÖY MOTORS İZMİR - 2023 PORSCHE TAYCAN 4S PERFORMANCE PLUS,https://www.sahibinden.com/ilan/vasita-otomobil-porsche-yenikoy-motors-izmir-2023-porsche-taycan-4s-performance-plus-1297479426/detay
211,36.1,4S,2023,20000,11500000,23.2,0.0,0,6,101,Yes,Yes,0.0,0.0,0.0,40.0,PB Plus (93.4 kWh),Galeriden,Hayır,6667,-1.696,0.778,1.0,0.702,0.6,1.0,5.0,3.0,0.0,"9,950,000 (17 Mar 26) -> 10,750,000 (15 Apr 26) -> 11,500,000 (17 May 26)",,1303470181,GZL MOTORS DAN 2023 Taycan 4S Performance Plus İÇİ KIRMIZI BAYİİ,https://www.sahibinden.com/ilan/vasita-otomobil-porsche-gzl-motors-dan-2023-taycan-4s-performance-plus-ici-kirmizi-bayii-1303470181/detay
212,35.2,4S,2022,9000,9305000,28.3,7.4,2,2,40,Yes,No,0.0,0.0,0.0,0.0,PB Plus (93.4 kWh),Galeriden,Hayır,2250,-1.225,0.925,1.0,0.0,0.4,1.0,5.0,0.0,0.0,"10,050,000 (17 May 26) -> 9,600,000 (09 Jun 26) -> 9,305,000 (17 Jun 26)",,1316483889,4S/Performance/P­lus/Air/Yolcu/E­kranı/Istma/Soğu­tma/Isı/Pompası,https://www.sahibinden.com/ilan/vasita-otomobil-porsche-4s-performance-plus-air-yolcu-ekrani-istma-sogutma-isi-pompasi-1316483889/detay
213,35.0,4S,2020,11000,8250000,0.6,0.0,0,0,5,Yes,Yes,0.0,0.0,0.0,57.0,PB Plus (93.4 kWh),Galeriden,Hayır,1833,-1.496,0.939,1.0,1.0,0.1,1.0,5.0,3.0,0.0,"8,250,000 (21 Jun 26)",,1323244033,2021-BAYİ ÇIKŞ 11.000 KM/İÇİ KIRMIZ/HATASZ/MİSİON JANT/YLC.EKRAN,https://www.sahibinden.com/ilan/vasita-otomobil-porsche-2021-bayi-ciks-11.000-km-ici-kirmiz-hatasz-mision-jant-ylc.ekran-1323244033/detay
214,34.9,4S,2020,34000,7750000,0.6,0.0,0,0,5,Yes,No,0.0,0.0,0.0,0.0,PB Plus (93.4 kWh),Galeriden,Hayır,5667,-0.855,0.811,1.0,0.0,0.1,1.0,5.0,0.0,0.0,"7,400,000 (21 Jun 26) -> 7,750,000 (25 Jun 26)",,1323684463,EKİP OTO'DAN HATASIZ GARANTİLİ SERVİS BAKIMLI FUL PAKET DÜŞÜK KM,https://www.sahibinden.com/ilan/vasita-otomobil-porsche-ekip-oto-dan-hatasiz-garantili-servis-bakimli-ful-paket-dusuk-km-1323684463/detay
215,34.9,Taycan,2022,26000,8985000,27.2,1.3,1,5,101,Yes,Yes,0.0,0.0,0.0,0.0,PB Plus (93.4 kWh),Galeriden,Hayır,6500,-1.184,0.783,1.0,0.0,0.4,0.95,5.0,3.0,0.0,"8,750,000 (17 Mar 26) -> 8,950,000 (04 May 26) -> 9,100,000 (01 Jun 26) -> 8,985,000 (11 Jun 26)",,1303577230,ÖZERLER MOTORSTAN 2022 PORSCHE TAYCAN YOL EKRN+AİR+İÇ KRMZ+BAYİ,https://www.sahibinden.com/ilan/vasita-otomobil-porsche-ozerler-motorstan-2022-porsche-taycan-yol-ekrn-plusair-plusic-krmz-plusbayi-1303577230/detay
216,32.8,4S,2021,40000,9250000,16.4,0.0,0,3,94,Yes,Yes,0.0,0.0,0.0,48.0,PB Plus (93.4 kWh),Sahibinden,Hayır,8000,-1.542,0.733,1.0,0.842,0.25,1.0,5.0,3.0,0.0,"8,850,000 (24 Mar 26) -> 9,250,000 (15 Apr 26)",,1306190339,HATASIZ KUSURSUZ,https://www.sahibinden.com/ilan/vasita-otomobil-porsche-hatasiz-kusursuz-1306190339/detay
217,32.6,4S,2020,61950,8100000,13.6,0.0,0,2,86,Yes,Yes,0.0,0.0,0.0,43.0,PB Plus (93.4 kWh),Sahibinden,Hayır,10325,-1.304,0.656,1.0,0.754,0.1,1.0,5.0,3.0,0.0,"7,100,000 (01 Apr 26) -> 7,300,000 (15 Apr 26) -> 7,550,000 (04 May 26) -> 8,100,000 (17 Jun 26)",,1264521387,HATASIZ. GARANTİSİ DEVAM EDİYOR.,https://www.sahibinden.com/ilan/vasita-otomobil-porsche-hatasiz-garantisi-devam-ediyor-1264521387/detay
218,32.3,Turbo S,2020,6001,10990000,33.4,0.0,0,9,139,Yes,Yes,0.0,0.0,0.0,32.0,PB Plus (93.4 kWh),Galeriden,Hayır,1000,-1.616,0.967,1.0,0.561,0.1,1.08,5.0,3.0,0.0,"9,800,000 (07 Feb 26) -> 10,990,000 (01 Mar 26)",,1293071257,ULU MOTORS TR'TEK/FULL OPSİYON/BAYİ/TURBO S/CARBON JANT/5000KM,https://www.sahibinden.com/ilan/vasita-otomobil-porsche-ulu-motors-tr-tek-full-opsiyon-bayi-turbo-s-carbon-jant-5000km-1293071257/detay
219,31.7,4S,2022,14940,9490000,0.1,0.0,0,0,1,Yes,Yes,0.0,0.0,0.0,0.0,PB Plus (93.4 kWh),Galeriden,Hayır,3735,-1.523,0.876,1.0,0.0,0.4,1.0,5.0,3.0,0.0,"9,490,000 (25 Jun 26)",,1324114731,''PALA OTO'' BAYİ+SOĞUTMA+BOSE+­Y.EKRAN+CHRONO+22 KW+AİR+20''JANT,https://www.sahibinden.com/ilan/vasita-otomobil-porsche-pala-oto-bayi-plussogutma-plusbose-plusy.ekran-pluschrono-plus22-kw-plusair-plus20-jant-1324114731/detay
220,31.5,Turbo S,2021,52000,14999000,16.0,0.0,0,4,72,Yes,No,0.0,0.0,0.0,49.0,PB Plus (93.4 kWh),Galeriden,Hayır,10400,-1.534,0.653,1.0,0.86,0.25,1.08,5.0,0.0,0.0,"14,999,000 (15 Apr 26)",,1060501848,LUNAGARAGE TAYCAN TURBO S 760 HP KARBON SPORT DESİGN SERAMİK,https://www.sahibinden.com/ilan/vasita-otomobil-porsche-lunagarage-taycan-turbo-s-760-hp-karbon-sport-design-seramik-1060501848/detay
221,31.4,4S,2020,51000,7950000,25.4,0.0,0,5,139,Yes,Yes,0.0,0.0,0.0,0.0,PB Plus (93.4 kWh),Sahibinden,Hayır,8500,-1.112,0.717,1.0,0.0,0.1,1.0,5.0,3.0,0.0,"6,980,000 (07 Feb 26) -> 7,250,000 (17 Mar 26) -> 7,550,000 (04 May 26) -> 7,950,000 (17 Jun 26)",,1249256069,SAHİBİNDEN BAYİ HATASIZ BOYASIZ TRAMERSİZ TAYCAN 4S P.PLUS 571,https://www.sahibinden.com/ilan/vasita-otomobil-porsche-sahibinden-bayi-hatasiz-boyasiz-tramersiz-taycan-4s-p.plus-571-1249256069/detay
222,31.1,Turbo S,2020,16800,11000000,3.9,0.0,0,1,17,Yes,Yes,0.0,0.0,0.0,32.0,PB Plus (93.4 kWh),Galeriden,Hayır,2800,-1.624,0.907,1.0,0.561,0.1,1.08,5.0,3.0,0.0,"11,000,000 (09 Jun 26)",,1319924568,CABİR'DEN 2020 TAYCAN TURBO S BURMESTER-SER­AMİK-AİR-BAYİ,https://www.sahibinden.com/ilan/vasita-otomobil-porsche-cabir-den-2020-taycan-turbo-s-burmester-seramik-air-bayi-1319924568/detay
223,31.0,4S,2020,33000,8045000,43.4,2.5,2,8,139,Yes,Yes,0.0,0.0,0.0,2.0,PB Plus (93.4 kWh),Galeriden,Hayır,5500,-1.233,0.817,1.0,0.035,0.1,1.0,5.0,3.0,0.0,"8,250,000 (07 Feb 26) -> 7,695,000 (01 Apr 26) -> 7,525,000 (15 Apr 26) -> 7,825,000 (17 May 26) -> 8,045,000 (17 Jun 26)",,1262674058,EFH HATASIZ BAYİ 2020 P/PLUS YOLCU EKRANI/SOĞUTMA/­ARKKLMA/%20KDV,https://www.sahibinden.com/ilan/vasita-otomobil-porsche-efh-hatasiz-bayi-2020-p-plus-yolcu-ekrani-sogutma-arkklma-20kdv-1262674058/detay
224,30.9,Taycan,2020,50000,8500000,18.0,0.0,0,5,72,Yes,Yes,0.0,0.0,0.0,0.0,PB Plus (93.4 kWh),Galeriden,Hayır,8333,-1.06,0.722,1.0,0.0,0.1,0.95,5.0,3.0,0.0,"7,750,000 (15 Apr 26) -> 8,500,000 (17 Jun 26)",,1309337210,Umut autodan hatasız porsche taycan,https://www.sahibinden.com/ilan/vasita-otomobil-porsche-umut-autodan-hatasiz-porsche-taycan-1309337210/detay
225,30.8,4S,2020,67000,7921000,1.9,0.0,0,0,17,Yes,Yes,0.0,0.0,0.0,0.0,PB Plus (93.4 kWh),Galeriden,Hayır,11167,-1.074,0.628,1.0,0.0,0.1,1.0,5.0,3.0,0.0,"7,621,000 (09 Jun 26) -> 7,921,000 (25 Jun 26)",,1320609903,TERTEMIZ HATASIZ BOYASIZ EN DOLUSU SPORT DESİNG GECE GORUS AKS,https://www.sahibinden.com/ilan/vasita-otomobil-porsche-tertemiz-hatasiz-boyasiz-en-dolusu-sport-desing-gece-gorus-aks-1320609903/detay
226,29.2,4S,2021,6400,9140000,54.5,0.7,5,9,139,Yes,No,0.0,0.0,0.0,0.0,PB Plus (93.4 kWh),Galeriden,Hayır,1280,-1.426,0.957,1.0,0.0,0.25,1.0,5.0,0.0,0.0,"9,200,000 (07 Feb 26) -> 9,190,000 (17 Mar 26) -> 9,180,000 (04 May 26) -> 9,160,000 (01 Jun 26) -> 9,150,000 (09 Jun 26) -> 9,140,000 (25 Jun 26)",,1296002129,PORSCHE TAYCAN 4S PERFORMANCE PLUS HATASIZ BOYASIZ TRAMERSİZ,https://www.sahibinden.com/ilan/vasita-otomobil-porsche-porsche-taycan-4s-performance-plus-hatasiz-boyasiz-tramersiz-1296002129/detay
227,26.9,4S,2020,21000,8125000,23.4,2.1,1,4,72,Yes,No,0.0,0.0,0.0,0.0,PB Plus (93.4 kWh),Galeriden,Hayır,3500,-1.336,0.883,1.0,0.0,0.1,1.0,5.0,0.0,0.0,"8,300,000 (15 Apr 26) -> 8,125,000 (09 Jun 26)",,1311048819,YENİKÖY MOTORS 2020 PORSCHE TAYCAN 4S PERFORMANCE PLUS -AKS-SĞTM,https://www.sahibinden.com/ilan/vasita-otomobil-porsche-yenikoy-motors-2020-porsche-taycan-4s-performance-plus-aks-sgtm-1311048819/detay
228,26.4,4S,2021,48000,9500000,9.9,0.0,0,2,53,Yes,Yes,0.0,0.0,0.0,43.0,PB Plus (93.4 kWh),Sahibinden,Hayır,9600,-1.805,0.68,1.0,0.754,0.25,1.0,5.0,3.0,0.0,"9,500,000 (04 May 26)",,1311121735,"UZATILMIS GARANTİ, ÖZEL KOMBİNASYON, BOYASIZ, DEĞİŞENSİZ",https://www.sahibinden.com/ilan/vasita-otomobil-porsche-uzatilmis-garanti-ozel-kombinasyon-boyasiz-degisensiz-1311121735/detay
229,24.7,Taycan,2020,45000,8900000,23.4,0.0,0,4,139,Yes,Yes,0.0,0.0,0.0,0.0,PB Plus (93.4 kWh),Galeriden,Hayır,7500,-1.427,0.75,1.0,0.0,0.1,0.95,5.0,3.0,0.0,"7,500,000 (07 Feb 26) -> 7,900,000 (15 Apr 26) -> 8,500,000 (09 Jun 26) -> 8,900,000 (17 Jun 26)",,985568902,LABARNA 2020 TAYCAN DOĞUŞ BAYİİ HATASIZ TAM DOLU BOSE SPORT CHOR,https://www.sahibinden.com/ilan/vasita-otomobil-porsche-labarna-2020-taycan-dogus-bayii-hatasiz-tam-dolu-bose-sport-chor-985568902/detay
230,19.4,4S,2022,125000,9500000,3.9,0.0,0,1,17,Yes,No,0.0,0.0,0.0,30.0,PB (79.2 kWh),Galeriden,Hayır,31250,-1.539,0.0,1.0,0.526,0.4,1.0,5.0,0.0,0.0,"9,500,000 (09 Jun 26)",,1321269548,AL-TRAK OTOMOTİVDEN 2022 PORSCHE TAYCAN 4S,https://www.sahibinden.com/ilan/vasita-otomobil-porsche-al-trak-otomotivden-2022-porsche-taycan-4s-1321269548/detay
231,15.8,4S,2020,14000,8750000,25.2,0.0,0,7,101,Yes,Yes,0.0,0.0,0.0,4.0,PB Plus (93.4 kWh),Galeriden,Hayır,2333,-2.138,0.922,1.0,0.07,0.1,1.0,5.0,3.0,0.0,"8,750,000 (17 Mar 26)",,1304405198,M&B PORSCHE TAYCAN 4S PERFORMANCE PLUS 571HP BAYİ HATASIZ,https://www.sahibinden.com/ilan/vasita-otomobil-porsche-m-b-porsche-taycan-4s-performance-plus-571hp-bayi-hatasiz-1304405198/detay
232,13.8,4S,2020,20700,8800000,10.4,0.0,0,3,40,Yes,No,0.0,0.0,0.0,24.0,PB Plus (93.4 kWh),Galeriden,Hayır,3450,-2.202,0.885,1.0,0.421,0.1,1.0,5.0,0.0,0.0,"8,800,000 (17 May 26)",,1315201415,HATASIZ 2020 PORSCHE TAYCAN 4S PERFORMANCE PLUS 571HP+BOSE+SPORT,https://www.sahibinden.com/ilan/vasita-otomobil-porsche-hatasiz-2020-porsche-taycan-4s-performance-plus-571hp-plusbose-plussport-1315201415/detay
233,8.4,Taycan,2021,16000,8890000,15.6,2.3,2,1,17,Yes,Yes,0.0,0.0,0.0,0.0,PB Plus (93.4 kWh),Galeriden,Hayır,3200,-2.604,0.893,1.0,0.0,0.25,0.95,5.0,3.0,0.0,"9,100,000 (09 Jun 26) -> 8,875,000 (17 Jun 26) -> 8,700,000 (21 Jun 26) -> 8,890,000 (21 Jun 26)",,1319979990,WAW MOTORS'DAN BAYİİ PORSCHE TAYCAN HATASIZ BOYASIZ TRAMERSİZ,https://www.sahibinden.com/ilan/vasita-otomobil-porsche-waw-motors-dan-bayii-porsche-taycan-hatasiz-boyasiz-tramersiz-1319979990/detay
234,5.1,Turbo,2020,40000,11500000,31.4,0.0,0,8,139,Yes,No,0.0,0.0,0.0,31.0,PB Plus (93.4 kWh),Galeriden,Hayır,6667,-2.647,0.778,1.0,0.544,0.1,1.05,5.0,0.0,0.0,"11,500,000 (07 Feb 26)",,1078270616,-VEGAS MOTORS-2020PORSCHE TAYCAN TURBOS BRABUS A.AKS SERAMİK AİR,https://www.sahibinden.com/ilan/vasita-otomobil-porsche-vegas-motors-2020porsche-taycan-turbos-brabus-a.aks-seramik-air-1078270616/detay
235,4.5,4S,2020,13500,9200000,31.8,5.2,2,3,86,Yes,Yes,0.0,0.0,0.0,0.0,PB Plus (93.4 kWh),Galeriden,Hayır,2250,-2.715,0.925,1.0,0.0,0.1,1.0,5.0,3.0,0.0,"8,650,000 (01 Apr 26) -> 7,850,000 (15 Apr 26) -> 8,550,000 (04 May 26) -> 9,700,000 (21 Jun 26) -> 9,200,000 (25 Jun 26)",,1307296617,'X-CLUSIVE'2020 TAYCAN 4S PERFORMANCE PLUS-BOYASIZ,https://www.sahibinden.com/ilan/vasita-otomobil-porsche-x-clusive-2020-taycan-4s-performance-plus-boyasiz-1307296617/detay
236,0.0,Turbo S,2020,44000,12650000,4.8,0.0,0,1,25,Yes,Yes,0.0,0.0,0.0,32.0,PB Plus (93.4 kWh),Sahibinden,Hayır,7333,-3.039,0.756,1.0,0.561,0.1,1.08,5.0,3.0,0.0,"12,650,000 (01 Jun 26)",,1319165553,DOĞUŞ MASLAK ÇIKIŞLI 800V 2026 YENİ BATARYA 2031 KADAR GARANTİLİ,https://www.sahibinden.com/ilan/vasita-otomobil-porsche-dogus-maslak-cikisli-800v-2026-yeni-batarya-2031-kadar-garantili-1319165553/detay
237,,Turbo,2020,38000,6500000,27.4,0.0,1,4,139,No,Yes,0.0,2.0,0.0,,PB Plus (93.4 kWh),Galeriden,Evet,6333,,,,,,,,,,"6,500,000 (07 Feb 26) -> 6,400,000 (24 Mar 26) -> 6,500,000 (09 Jun 26)",Heavy damage record,1292274477,TAYCAN TURBO 40 BİN KM-SERAMİK-ARKA AKS-MATRIX-GECE GORUS-BOSE,https://www.sahibinden.com/ilan/vasita-otomobil-porsche-taycan-turbo-40-bin-km-seramik-arka-aks-matrix-gece-gorus-bose-1292274477/detay
238,,4S,2020,72800,5900000,32.0,4.8,2,3,92,No,No,0.0,2.0,0.0,,PB Plus (93.4 kWh),Sahibinden,Evet,12133,,,,,,,,,,"6,200,000 (26 Mar 26) -> 6,000,000 (01 Jun 26) -> 5,900,000 (17 Jun 26)",Heavy damage record,1306661831,PORSCH TAYCAN 4S PERFORMANCE PLUS 2021 CIKIŞLI,https://www.sahibinden.com/ilan/vasita-otomobil-porsche-porsch-taycan-4s-performance-plus-2021-cikisli-1306661831/detay
239,,4S,2020,40500,5665000,12.0,0.0,0,2,72,No,No,2.0,0.0,0.0,,PB (79.2 kWh),Sahibinden,Evet,6750,,,,,,,,,,"5,325,000 (15 Apr 26) -> 5,665,000 (04 May 26)",Heavy damage record,1310085579,2020 MODEL TAYCAN 4s 530HP / ITHAL YOLCU EKRAN ISITM SOĞUTMA/NAV,https://www.sahibinden.com/ilan/vasita-otomobil-porsche-2020-model-taycan-4s-530hp-ithal-yolcu-ekran-isitm-sogutma-nav-1310085579/detay
240,,4S,2022,50000,6750000,3.9,0.0,0,1,17,Yes,Yes,0.0,0.0,0.0,,PB Plus (93.4 kWh),Galeriden,Evet,12500,,,,,,,,,,"6,750,000 (09 Jun 26)",Heavy damage record,1321058201,VERONA-2022 4S PERFORMANCE PLUS/YOLCU EKRAN/BOSE/A İR/NAV/BAYİ!,https://www.sahibinden.com/ilan/vasita-otomobil-porsche-verona-2022-4s-performance-plus-yolcu-ekran-bose-air-nav-bayi-1321058201/detay
241,,Taycan,2020,97000,5780000,6.5,1.2,1,0,5,No,No,1.0,1.0,0.0,,PB Plus (93.4 kWh),Galeriden,Evet,16167,,,,,,,,,,"5,850,000 (21 Jun 26) -> 5,780,000 (25 Jun 26)",Heavy damage record,1323044962,PORSCHE TAYCAN YOLCU EKRANI ARKA AKS OLEA KOLTUK CARBON DİSK,https://www.sahibinden.com/ilan/vasita-otomobil-porsche-porsche-taycan-yolcu-ekrani-arka-aks-olea-koltuk-carbon-disk-1323044962/detay
242,,4S,2020,54000,5800000,6.7,1.4,1,0,5,No,No,0.0,1.0,0.0,,PB Plus (93.4 kWh),Sahibinden,Evet,9000,,,,,,,,,,"5,880,000 (21 Jun 26) -> 5,800,000 (25 Jun 26)",Heavy damage record,1323544261,Taycan 4S Performans Plus 571 Bg *EMR* Özel Plaka,https://www.sahibinden.com/ilan/vasita-otomobil-porsche-taycan-4s-performans-plus-571-bg-emr-ozel-plaka-1323544261/detay
243,,4S,2021,48000,8229750,0.1,0.0,0,0,1,No,Yes,3.0,0.0,0.0,,PB (79.2 kWh),Galeriden,Hayır,9600,,,,,,,,,,"8,229,750 (25 Jun 26)",3 changed parts,1324179794,Burak'tan Taycan 4S Performance Plus BOSE-Kırmızı Deri-YolcuEkrn,https://www.sahibinden.com/ilan/vasita-otomobil-porsche-burak-tan-taycan-4s-performance-plus-bose-kirmizi-deri-yolcuekrn-1324179794/detay
